dataset,model,repeat,slope,intercept
BC,LR,0,1.1004159021289721,0.051041406568876034
BC,LR,1,1.1191167993196423,0.014904001594472801
BC,LR,2,1.1120242887404852,0.10823129156822628
BC,LR,3,1.165155141424719,0.04633541843980207
BC,LR,4,1.1575786547369384,0.11136178711477679
BC,RF,0,1.1873451479135062,-0.0416924923665833
BC,RF,1,1.1856232373982876,-0.021611484482897174
BC,RF,2,1.2043980210098857,-0.03450599473796787
BC,RF,3,1.2109411806030168,-0.05356967339397627
BC,RF,4,1.3800539958399256,-0.042697384345624985
BC,XGB,0,0.7283885152760984,0.1302633117510089
BC,XGB,1,0.8212495107391041,0.2939194433444581
BC,XGB,2,0.7751743833658331,0.38480708921732976
BC,XGB,3,0.8217405712705853,0.29125690095118634
BC,XGB,4,0.8404579633844252,0.4431461511789241
BC,SVM,0,1.1313771096827343,-0.06587918417163513
BC,SVM,1,1.153838668557863,-0.030087033210659173
BC,SVM,2,1.1667308515243562,-0.06362135949404252
BC,SVM,3,1.1582601899446072,-0.026422402864947066
BC,SVM,4,1.161752159734794,-0.0660793944850176
BC,MLP,0,0.4938821437948537,0.8243287013738113
BC,MLP,1,0.5114684598163379,0.8323320096297997
BC,MLP,2,0.49074570413716007,0.5905449685302047
BC,MLP,3,0.5205409729242687,0.7746363906105193
BC,MLP,4,0.48961307704883067,1.1463729596794678
BC,NB,0,0.2565103479838745,3.273613480606012
BC,NB,1,0.259123897691364,3.3973756007369027
BC,NB,2,0.2595208192801223,3.379771530873489
BC,NB,3,0.2587946055532071,3.5360077163568517
BC,NB,4,0.25584921958719975,3.4450985323537986
PIMA,LR,0,0.9400868608892694,-0.005058789936108112
PIMA,LR,1,0.9354625895155319,-0.0009418607038319572
PIMA,LR,2,0.9638190107207248,-0.0055751399784973316
PIMA,LR,3,0.9311975944834986,0.002860687489573459
PIMA,LR,4,0.9602160666364067,-0.0008659637376243617
PIMA,RF,0,0.868044619821777,-0.030707750771715465
PIMA,RF,1,0.9718727824761039,-0.04034344507986817
PIMA,RF,2,1.0012560111684092,-0.01741179142179334
PIMA,RF,3,0.8958199260753359,-0.010626920656693944
PIMA,RF,4,0.9475473373953266,0.007156704756940278
PIMA,XGB,0,0.3321103922824087,0.07561439532466264
PIMA,XGB,1,0.3487261871912428,0.056537570060157485
PIMA,XGB,2,0.35885907362937375,0.13539629515317825
PIMA,XGB,3,0.3358451908856048,0.09452012655148875
PIMA,XGB,4,0.3591363585871683,0.049449130625301714
PIMA,SVM,0,0.9926371392686137,-0.020605523627433876
PIMA,SVM,1,0.9677263854898476,-0.004246499165169646
PIMA,SVM,2,1.0394448944462797,-0.014087959955305533
PIMA,SVM,3,1.0083973984432952,-0.013357939671267957
PIMA,SVM,4,1.0260062496692623,-0.015564660915160539
PIMA,MLP,0,0.11706947236813481,0.004550565222169983
PIMA,MLP,1,0.11661113434015566,0.07710443929953573
PIMA,MLP,2,0.12013005706263977,0.09124283022775335
PIMA,MLP,3,0.11166322504024948,-0.09366668601708372
PIMA,MLP,4,0.11398173023833709,-0.03724707155974938
PIMA,NB,0,0.3799206533605244,0.031713057846083186
PIMA,NB,1,0.3904655208562133,0.031154434054583964
PIMA,NB,2,0.39619932869248253,0.02156036549613291
PIMA,NB,3,0.3912915608524598,0.04090365054763481
PIMA,NB,4,0.39456939292063425,0.03843143822945748
HEART,LR,0,0.8330708997925231,-0.021862009905906258
HEART,LR,1,0.8076568185394267,-0.02506982696144204
HEART,LR,2,0.8698808500603369,-0.014509862348395955
HEART,LR,3,0.8083609966222004,0.009668231137861793
HEART,LR,4,0.8329315653322948,-0.03550734217157543
HEART,RF,0,1.2374743075600767,0.008809300126090379
HEART,RF,1,1.2266579578678563,0.023688052392099684
HEART,RF,2,1.1911796515430908,-0.0029229071516854036
HEART,RF,3,1.2416258026058948,-0.0015688598085151497
HEART,RF,4,1.242076328195618,-0.009065102434598111
HEART,XGB,0,0.41344105123556707,0.1970755179193835
HEART,XGB,1,0.42653586090590756,0.32505983566777247
HEART,XGB,2,0.37878183314162694,0.3255730207356033
HEART,XGB,3,0.3767216884323128,0.11673267810931039
HEART,XGB,4,0.4352766549729107,0.25144760288316376
HEART,SVM,0,0.9711486074303709,-0.016729169064800205
HEART,SVM,1,0.9765074664418705,0.007229380499769419
HEART,SVM,2,0.9885728826949342,-0.013454012992251031
HEART,SVM,3,0.9306964894709978,-0.009568530947675388
HEART,SVM,4,0.9925416955009764,-0.028347174871054967
HEART,MLP,0,0.18928528746234935,0.10636819013671306
HEART,MLP,1,0.18750744700433758,-0.28903368601484136
HEART,MLP,2,0.1958935889816538,-0.14800906008426024
HEART,MLP,3,0.18478257330552275,-0.14013697068133107
HEART,MLP,4,0.19590935409707608,0.19808976877679008
HEART,NB,0,0.20909649022754037,0.3092788760662365
HEART,NB,1,0.20966420406615824,0.3661769949586737
HEART,NB,2,0.21764633192431815,0.5438956657848848
HEART,NB,3,0.21608427504724637,0.6716238881475813
HEART,NB,4,0.21057620741585878,0.4331512774789129
D130,LR,0,0.8355295488336254,-0.0005095645618770541
D130,LR,1,0.8225839048532546,-0.0008301415280069849
D130,LR,2,0.8327853833320883,-9.932322168654945e-05
D130,LR,3,0.8649167885131724,-7.118768312453817e-05
D130,LR,4,0.8109174971007189,-0.0015730495065934026
D130,RF,0,0.19905054775923972,-0.10630966897738695
D130,RF,1,0.183685444993903,-0.1047730323688478
D130,RF,2,0.2654179902709485,-0.10424819541538052
D130,RF,3,0.2493641054395812,-0.09613668026766833
D130,RF,4,0.26176157340979267,-0.10618943057740197
D130,XGB,0,0.17897494926058152,0.1642225571629064
D130,XGB,1,0.17501103873567503,0.17569993882426682
D130,XGB,2,0.2083219705183182,0.15408365017492603
D130,XGB,3,0.17641534904911615,0.14919643099143964
D130,XGB,4,0.18429218958159718,0.16138739892589507
D130,SVM,0,0.9471299472980835,-0.00011938100671315607
D130,SVM,1,1.033868731334049,0.0013644835542385506
D130,SVM,2,1.0896328747306196,0.00012897188973319887
D130,SVM,3,0.9077352832472311,0.0013464170257891338
D130,SVM,4,0.8746624656410349,-0.001468707624686351
D130,MLP,0,0.02141910797117451,-0.043646739996364425
D130,MLP,1,0.015280346489691548,0.14162804790790395
D130,MLP,2,0.01808799844159977,0.28811709327587187
D130,MLP,3,0.017088146309712053,-0.029195527369986818
D130,MLP,4,0.020043659369218227,0.07580560085788252
D130,NB,0,0.07648296695722345,-0.9068533321521476
D130,NB,1,0.0776727838873259,-0.9523734942296529
D130,NB,2,0.07479475932051495,-0.9431796153755578
D130,NB,3,0.08171281924794266,-0.9515390354542199
D130,NB,4,0.07598331818283825,-0.9634136358859231
