dataset,model,fold,config,n_train,n_test,best_params,ACC,BAL,F1,AUC,MCC,BRIER
BC,LR,0,default,512,57,,1.0,1.0,1.0,1.0,1.0,0.004946731093426845
BC,LR,0,tuned,512,57,{'clf__C': 0.1},1.0,1.0,1.0,1.0,1.0,0.011555183751714519
BC,LR,1,default,512,57,,0.9649122807017544,0.9545454545454546,0.9523809523809523,0.9987012987012986,0.9273353546322172,0.031685257787598106
BC,LR,1,tuned,512,57,{'clf__C': 0.1},0.9824561403508771,0.9772727272727273,0.9767441860465116,0.9948051948051948,0.9633432944855655,0.031201551368929183
BC,LR,2,default,512,57,,1.0,1.0,1.0,1.0,1.0,0.0019739933643551973
BC,LR,2,tuned,512,57,{'clf__C': 0.1},1.0,1.0,1.0,1.0,1.0,0.007829218430551354
BC,LR,3,default,512,57,,0.9824561403508771,0.9861111111111112,0.9767441860465116,1.0,0.9633432944855655,0.013280289984383051
BC,LR,3,tuned,512,57,{'clf__C': 0.1},0.9824561403508771,0.9761904761904762,0.975609756097561,1.0,0.962621902223779,0.016205178261979283
BC,LR,4,default,512,57,,0.9824561403508771,0.9861111111111112,0.9767441860465116,1.0,0.9633432944855655,0.008193955145895927
BC,LR,4,tuned,512,57,{'clf__C': 0.1},1.0,1.0,1.0,1.0,1.0,0.010583021591514202
BC,LR,5,default,512,57,,0.9122807017543859,0.9107142857142857,0.8837209302325582,0.9788359788359788,0.8139267835041308,0.05561073525096522
BC,LR,5,tuned,512,57,{'clf__C': 1},0.9122807017543859,0.9107142857142857,0.8837209302325582,0.9788359788359788,0.8139267835041308,0.05561073525096522
BC,LR,6,default,512,57,,0.9649122807017544,0.9623015873015872,0.9523809523809523,0.9761904761904762,0.9246031746031746,0.0227578272326153
BC,LR,6,tuned,512,57,{'clf__C': 1},0.9649122807017544,0.9623015873015872,0.9523809523809523,0.9761904761904762,0.9246031746031746,0.0227578272326153
BC,LR,7,default,512,57,,0.9473684210526315,0.9384920634920635,0.926829268292683,0.996031746031746,0.8864143349643965,0.036561874427617255
BC,LR,7,tuned,512,57,{'clf__C': 1},0.9473684210526315,0.9384920634920635,0.926829268292683,0.996031746031746,0.8864143349643965,0.036561874427617255
BC,LR,8,default,512,57,,0.9824561403508771,0.9861111111111112,0.9767441860465116,1.0,0.9633432944855655,0.006549566164150366
BC,LR,8,tuned,512,57,{'clf__C': 0.1},0.9824561403508771,0.9861111111111112,0.9767441860465116,1.0,0.9633432944855655,0.012728107115906792
BC,LR,9,default,513,56,,1.0,1.0,1.0,1.0,1.0,0.0061788128746151725
BC,LR,9,tuned,513,56,{'clf__C': 1},1.0,1.0,1.0,1.0,1.0,0.0061788128746151725
BC,RF,0,default,512,57,,0.9824561403508771,0.9857142857142858,0.9777777777777777,1.0,0.9639463400956773,0.012436842105263158
BC,RF,0,tuned,512,57,"{'clf__max_depth': 5, 'clf__min_samples_leaf': 1, 'clf__n_estimators': 300}",0.9824561403508771,0.9857142857142858,0.9777777777777777,1.0,0.9639463400956773,0.01365271254088957
BC,RF,1,default,512,57,,0.9649122807017544,0.9629870129870131,0.9545454545454546,0.9662337662337662,0.925974025974026,0.039254385964912285
BC,RF,1,tuned,512,57,"{'clf__max_depth': 5, 'clf__min_samples_leaf': 1, 'clf__n_estimators': 300}",0.9649122807017544,0.9629870129870131,0.9545454545454546,0.9753246753246754,0.925974025974026,0.03671047602457541
BC,RF,2,default,512,57,,0.9824561403508771,0.9761904761904762,0.975609756097561,0.9993386243386244,0.962621902223779,0.01843333333333333
BC,RF,2,tuned,512,57,"{'clf__max_depth': None, 'clf__min_samples_leaf': 1, 'clf__n_estimators': 300}",0.9824561403508771,0.9761904761904762,0.975609756097561,1.0,0.962621902223779,0.017880116959064333
BC,RF,3,default,512,57,,0.9824561403508771,0.9761904761904762,0.975609756097561,0.9993386243386243,0.962621902223779,0.016928070175438598
BC,RF,3,tuned,512,57,"{'clf__max_depth': 5, 'clf__min_samples_leaf': 1, 'clf__n_estimators': 100}",0.9824561403508771,0.9761904761904762,0.975609756097561,0.9973544973544973,0.962621902223779,0.018193802202494235
BC,RF,4,default,512,57,,0.9649122807017544,0.9722222222222222,0.9545454545454546,0.9986772486772487,0.9286112429750731,0.022142105263157894
BC,RF,4,tuned,512,57,"{'clf__max_depth': None, 'clf__min_samples_leaf': 1, 'clf__n_estimators': 300}",0.9649122807017544,0.9722222222222222,0.9545454545454546,0.9986772486772486,0.9286112429750731,0.022998440545808966
BC,RF,5,default,512,57,,0.8421052631578947,0.8551587301587302,0.8085106382978723,0.9576719576719576,0.6879325629409012,0.08620701754385965
BC,RF,5,tuned,512,57,"{'clf__max_depth': 5, 'clf__min_samples_leaf': 1, 'clf__n_estimators': 100}",0.8421052631578947,0.8551587301587302,0.8085106382978723,0.951058201058201,0.6879325629409012,0.08834236665701643
BC,RF,6,default,512,57,,0.9649122807017544,0.9623015873015872,0.9523809523809523,0.9781746031746031,0.9246031746031746,0.04062456140350877
BC,RF,6,tuned,512,57,"{'clf__max_depth': 5, 'clf__min_samples_leaf': 1, 'clf__n_estimators': 100}",0.9649122807017544,0.9623015873015872,0.9523809523809523,0.9801587301587301,0.9246031746031746,0.042157832627896054
BC,RF,7,default,512,57,,0.9649122807017544,0.9523809523809523,0.95,0.996031746031746,0.9258200997725514,0.03555263157894737
BC,RF,7,tuned,512,57,"{'clf__max_depth': 10, 'clf__min_samples_leaf': 1, 'clf__n_estimators': 300}",0.9473684210526315,0.9285714285714286,0.9230769230769231,0.9947089947089947,0.8894991799933214,0.03844068659302577
BC,RF,8,default,512,57,,1.0,1.0,1.0,1.0,1.0,0.006421052631578947
BC,RF,8,tuned,512,57,"{'clf__max_depth': None, 'clf__min_samples_leaf': 1, 'clf__n_estimators': 100}",1.0,1.0,1.0,1.0,1.0,0.006421052631578947
BC,RF,9,default,513,56,,0.9642857142857143,0.9714285714285714,0.9545454545454546,0.9959183673469387,0.9278305692406299,0.02415
BC,RF,9,tuned,513,56,"{'clf__max_depth': 5, 'clf__min_samples_leaf': 1, 'clf__n_estimators': 300}",0.9642857142857143,0.9714285714285714,0.9545454545454546,1.0,0.9278305692406299,0.020469779770971114
BC,XGB,0,default,512,57,,0.9824561403508771,0.9857142857142858,0.9777777777777777,1.0,0.9639463400956773,0.008692745119333267
BC,XGB,0,tuned,512,57,"{'clf__learning_rate': 0.3, 'clf__max_depth': 2, 'clf__n_estimators': 100}",0.9824561403508771,0.9857142857142858,0.9777777777777777,1.0,0.9639463400956773,0.005022781435400248
BC,XGB,1,default,512,57,,0.9824561403508771,0.9772727272727273,0.9767441860465116,0.990909090909091,0.9633432944855655,0.022171538323163986
BC,XGB,1,tuned,512,57,"{'clf__learning_rate': 0.03, 'clf__max_depth': 6, 'clf__n_estimators': 100}",0.9649122807017544,0.9629870129870131,0.9545454545454546,0.9766233766233766,0.925974025974026,0.040247607976198196
BC,XGB,2,default,512,57,,0.9824561403508771,0.9761904761904762,0.975609756097561,0.9986772486772486,0.962621902223779,0.01762300357222557
BC,XGB,2,tuned,512,57,"{'clf__learning_rate': 0.3, 'clf__max_depth': 2, 'clf__n_estimators': 100}",0.9649122807017544,0.9623015873015872,0.9523809523809523,0.9973544973544973,0.9246031746031746,0.02287144772708416
BC,XGB,3,default,512,57,,1.0,1.0,1.0,1.0,1.0,0.005632271058857441
BC,XGB,3,tuned,512,57,"{'clf__learning_rate': 0.3, 'clf__max_depth': 2, 'clf__n_estimators': 100}",0.9824561403508771,0.9761904761904762,0.975609756097561,1.0,0.962621902223779,0.0098585719242692
BC,XGB,4,default,512,57,,0.9649122807017544,0.9722222222222222,0.9545454545454546,1.0,0.9286112429750731,0.010414926335215569
BC,XGB,4,tuned,512,57,"{'clf__learning_rate': 0.3, 'clf__max_depth': 6, 'clf__n_estimators': 100}",0.9649122807017544,0.9722222222222222,0.9545454545454546,1.0,0.9286112429750731,0.010414926335215569
BC,XGB,5,default,512,57,,0.9122807017543859,0.9107142857142857,0.8837209302325582,0.9695767195767195,0.8139267835041308,0.07209198921918869
BC,XGB,5,tuned,512,57,"{'clf__learning_rate': 0.3, 'clf__max_depth': 6, 'clf__n_estimators': 100}",0.9122807017543859,0.9107142857142857,0.8837209302325582,0.9695767195767195,0.8139267835041308,0.07209198921918869
BC,XGB,6,default,512,57,,0.9473684210526315,0.9484126984126984,0.9302325581395349,0.9841269841269842,0.8886350389948482,0.03154216706752777
BC,XGB,6,tuned,512,57,"{'clf__learning_rate': 0.3, 'clf__max_depth': 3, 'clf__n_estimators': 300}",0.9473684210526315,0.9484126984126984,0.9302325581395349,0.9801587301587302,0.8886350389948482,0.03477585315704346
BC,XGB,7,default,512,57,,0.9473684210526315,0.9285714285714286,0.9230769230769231,0.9894179894179895,0.8894991799933214,0.04181241616606712
BC,XGB,7,tuned,512,57,"{'clf__learning_rate': 0.1, 'clf__max_depth': 2, 'clf__n_estimators': 300}",0.9649122807017544,0.9523809523809523,0.95,0.9947089947089947,0.9258200997725514,0.03398497402667999
BC,XGB,8,default,512,57,,1.0,1.0,1.0,1.0,1.0,0.002383709419518709
BC,XGB,8,tuned,512,57,"{'clf__learning_rate': 0.1, 'clf__max_depth': 2, 'clf__n_estimators': 300}",0.9824561403508771,0.9761904761904762,0.975609756097561,1.0,0.962621902223779,0.011707223951816559
BC,XGB,9,default,513,56,,0.9821428571428571,0.9857142857142858,0.9767441860465116,0.998639455782313,0.9629500128629354,0.012698397971689701
BC,XGB,9,tuned,513,56,"{'clf__learning_rate': 0.3, 'clf__max_depth': 3, 'clf__n_estimators': 100}",0.9642857142857143,0.9619047619047618,0.9523809523809523,0.9972789115646258,0.9238095238095239,0.01688099466264248
BC,SVM,0,default,512,57,,1.0,1.0,1.0,1.0,1.0,0.0026050108576561783
BC,SVM,0,tuned,512,57,"{'clf__C': 10, 'clf__gamma': 0.01}",1.0,1.0,1.0,1.0,1.0,0.0034038666652271305
BC,SVM,1,default,512,57,,0.9473684210526315,0.9487012987012987,0.9333333333333333,0.9922077922077923,0.8904905361044291,0.03277469228683238
BC,SVM,1,tuned,512,57,"{'clf__C': 10, 'clf__gamma': 0.01}",0.9473684210526315,0.9402597402597402,0.9302325581395349,0.9974025974025974,0.8886350389948482,0.030071253486907243
BC,SVM,2,default,512,57,,1.0,1.0,1.0,1.0,1.0,0.0021618500995043257
BC,SVM,2,tuned,512,57,"{'clf__C': 10, 'clf__gamma': 0.01}",1.0,1.0,1.0,1.0,1.0,0.00301316527517661
BC,SVM,3,default,512,57,,0.9649122807017544,0.9722222222222222,0.9545454545454546,1.0,0.9286112429750731,0.01705368179115757
BC,SVM,3,tuned,512,57,"{'clf__C': 10, 'clf__gamma': 0.01}",0.9649122807017544,0.9722222222222222,0.9545454545454546,1.0,0.9286112429750731,0.008057552699629583
BC,SVM,4,default,512,57,,0.9824561403508771,0.9861111111111112,0.9767441860465116,1.0,0.9633432944855655,0.005299646414134449
BC,SVM,4,tuned,512,57,"{'clf__C': 10, 'clf__gamma': 0.01}",0.9824561403508771,0.9861111111111112,0.9767441860465116,1.0,0.9633432944855655,0.008102933878249414
BC,SVM,5,default,512,57,,0.8596491228070176,0.8591269841269842,0.8181818181818182,0.9708994708994709,0.7062127520104547,0.06561286131089189
BC,SVM,5,tuned,512,57,"{'clf__C': 10, 'clf__gamma': 0.01}",0.9122807017543859,0.9107142857142857,0.8837209302325582,0.9854497354497355,0.8139267835041308,0.05066247102016364
BC,SVM,6,default,512,57,,0.9473684210526315,0.9484126984126984,0.9302325581395349,0.9828042328042328,0.8886350389948482,0.032049317236232715
BC,SVM,6,tuned,512,57,"{'clf__C': 10, 'clf__gamma': 0.01}",0.9649122807017544,0.9623015873015872,0.9523809523809523,0.9761904761904762,0.9246031746031746,0.023024276104843464
BC,SVM,7,default,512,57,,0.9649122807017544,0.9523809523809523,0.95,0.992063492063492,0.9258200997725514,0.03347147208708394
BC,SVM,7,tuned,512,57,"{'clf__C': 10, 'clf__gamma': 0.01}",0.9649122807017544,0.9523809523809523,0.95,0.996031746031746,0.9258200997725514,0.0264590000375901
BC,SVM,8,default,512,57,,1.0,1.0,1.0,1.0,1.0,0.0024859684661492033
BC,SVM,8,tuned,512,57,"{'clf__C': 10, 'clf__gamma': 0.01}",1.0,1.0,1.0,1.0,1.0,0.0033216938454806054
BC,SVM,9,default,513,56,,0.9821428571428571,0.9857142857142858,0.9767441860465116,1.0,0.9629500128629354,0.011734777924855258
BC,SVM,9,tuned,513,56,"{'clf__C': 10, 'clf__gamma': 0.01}",0.9821428571428571,0.9857142857142858,0.9767441860465116,1.0,0.9629500128629354,0.008839463203960651
BC,MLP,0,default,512,57,,0.9824561403508771,0.9857142857142858,0.9777777777777777,0.9987012987012986,0.9639463400956773,0.011697832547824177
BC,MLP,0,tuned,512,57,"{'clf__alpha': 1.0, 'clf__hidden_layer_sizes': (64, 32)}",1.0,1.0,1.0,1.0,1.0,0.008292725746938156
BC,MLP,1,default,512,57,,0.9473684210526315,0.9402597402597402,0.9302325581395349,0.9935064935064934,0.8886350389948482,0.05689599009602519
BC,MLP,1,tuned,512,57,"{'clf__alpha': 1.0, 'clf__hidden_layer_sizes': (64, 32)}",0.9473684210526315,0.9402597402597402,0.9302325581395349,0.996103896103896,0.8886350389948482,0.04117419022102375
BC,MLP,2,default,512,57,,1.0,1.0,1.0,1.0,1.0,7.719565725591051e-05
BC,MLP,2,tuned,512,57,"{'clf__alpha': 1.0, 'clf__hidden_layer_sizes': (32,)}",1.0,1.0,1.0,1.0,1.0,0.0018500335251769588
BC,MLP,3,default,512,57,,1.0,1.0,1.0,1.0,1.0,0.00028625068951260407
BC,MLP,3,tuned,512,57,"{'clf__alpha': 1.0, 'clf__hidden_layer_sizes': (64, 32)}",0.9824561403508771,0.9861111111111112,0.9767441860465116,0.9973544973544973,0.9633432944855655,0.016641430902199647
BC,MLP,4,default,512,57,,1.0,1.0,1.0,1.0,1.0,0.0005629245418070008
BC,MLP,4,tuned,512,57,"{'clf__alpha': 1.0, 'clf__hidden_layer_sizes': (16,)}",1.0,1.0,1.0,1.0,1.0,0.006089895994245287
BC,MLP,5,default,512,57,,0.9298245614035088,0.9246031746031746,0.9047619047619048,0.9722222222222223,0.8492063492063492,0.057264702279659026
BC,MLP,5,tuned,512,57,"{'clf__alpha': 1.0, 'clf__hidden_layer_sizes': (32,)}",0.9122807017543859,0.9107142857142857,0.8837209302325582,0.9761904761904762,0.8139267835041308,0.05983743936057862
BC,MLP,6,default,512,57,,0.9649122807017544,0.9623015873015872,0.9523809523809523,0.9748677248677249,0.9246031746031746,0.029927886552132524
BC,MLP,6,tuned,512,57,"{'clf__alpha': 0.0001, 'clf__hidden_layer_sizes': (64, 32)}",0.9649122807017544,0.9623015873015872,0.9523809523809523,0.9748677248677249,0.9246031746031746,0.029927886552132524
BC,MLP,7,default,512,57,,0.9473684210526315,0.9285714285714286,0.9230769230769231,0.9907407407407408,0.8894991799933214,0.05110001558143645
BC,MLP,7,tuned,512,57,"{'clf__alpha': 0.0001, 'clf__hidden_layer_sizes': (64, 32)}",0.9473684210526315,0.9285714285714286,0.9230769230769231,0.9907407407407408,0.8894991799933214,0.05110001558143645
BC,MLP,8,default,512,57,,1.0,1.0,1.0,1.0,1.0,2.6448062182733566e-05
BC,MLP,8,tuned,512,57,"{'clf__alpha': 1.0, 'clf__hidden_layer_sizes': (32,)}",1.0,1.0,1.0,1.0,1.0,0.003878971636846153
BC,MLP,9,default,513,56,,0.9821428571428571,0.9761904761904762,0.975609756097561,1.0,0.9622504486493763,0.012206595199168726
BC,MLP,9,tuned,513,56,"{'clf__alpha': 1.0, 'clf__hidden_layer_sizes': (16,)}",1.0,1.0,1.0,1.0,1.0,0.004142812551585396
BC,NB,0,default,512,57,,0.9649122807017544,0.9629870129870131,0.9545454545454546,0.9974025974025974,0.925974025974026,0.0319171326187034
BC,NB,0,tuned,512,57,{'clf__var_smoothing': 1e-09},0.9649122807017544,0.9629870129870131,0.9545454545454546,0.9974025974025974,0.925974025974026,0.0319171326187034
BC,NB,1,default,512,57,,0.9298245614035088,0.9175324675324675,0.9047619047619048,0.9831168831168832,0.851823761469308,0.07339132638244517
BC,NB,1,tuned,512,57,{'clf__var_smoothing': 1e-09},0.9298245614035088,0.9175324675324675,0.9047619047619048,0.9831168831168832,0.851823761469308,0.07339132638244517
BC,NB,2,default,512,57,,0.9824561403508771,0.9761904761904762,0.975609756097561,0.9973544973544973,0.962621902223779,0.019917807126573484
BC,NB,2,tuned,512,57,{'clf__var_smoothing': 1e-09},0.9824561403508771,0.9761904761904762,0.975609756097561,0.9973544973544973,0.962621902223779,0.019917807126573484
BC,NB,3,default,512,57,,0.9649122807017544,0.9722222222222222,0.9545454545454546,0.9781746031746031,0.9286112429750731,0.039647524196054926
BC,NB,3,tuned,512,57,{'clf__var_smoothing': 1e-09},0.9649122807017544,0.9722222222222222,0.9545454545454546,0.9781746031746031,0.9286112429750731,0.039647524196054926
BC,NB,4,default,512,57,,0.9649122807017544,0.9623015873015872,0.9523809523809523,0.9947089947089947,0.9246031746031746,0.03491729475051988
BC,NB,4,tuned,512,57,{'clf__var_smoothing': 1e-09},0.9649122807017544,0.9623015873015872,0.9523809523809523,0.9947089947089947,0.9246031746031746,0.03491729475051988
BC,NB,5,default,512,57,,0.7894736842105263,0.7738095238095238,0.7142857142857143,0.9193121693121693,0.5476190476190477,0.1712328753464926
BC,NB,5,tuned,512,57,{'clf__var_smoothing': 1e-11},0.7719298245614035,0.7599206349206349,0.6976744186046512,0.9153439153439153,0.5150937615412615,0.18898961183913532
BC,NB,6,default,512,57,,0.9298245614035088,0.9047619047619048,0.8947368421052632,0.9828042328042328,0.8535639569308375,0.06948410562205923
BC,NB,6,tuned,512,57,{'clf__var_smoothing': 1e-09},0.9298245614035088,0.9047619047619048,0.8947368421052632,0.9828042328042328,0.8535639569308375,0.06948410562205923
BC,NB,7,default,512,57,,0.9298245614035088,0.9146825396825397,0.9,0.9894179894179895,0.8486684247915055,0.058604104609945286
BC,NB,7,tuned,512,57,{'clf__var_smoothing': 1e-09},0.9298245614035088,0.9146825396825397,0.9,0.9894179894179895,0.8486684247915055,0.058604104609945286
BC,NB,8,default,512,57,,0.9824561403508771,0.9761904761904762,0.975609756097561,1.0,0.962621902223779,0.02374830543530211
BC,NB,8,tuned,512,57,{'clf__var_smoothing': 1e-09},0.9824561403508771,0.9761904761904762,0.975609756097561,1.0,0.962621902223779,0.02374830543530211
BC,NB,9,default,513,56,,0.9642857142857143,0.9619047619047618,0.9523809523809523,0.9809523809523809,0.9238095238095239,0.03567621654098468
BC,NB,9,tuned,513,56,{'clf__var_smoothing': 1e-09},0.9642857142857143,0.9619047619047618,0.9523809523809523,0.9809523809523809,0.9238095238095239,0.03567621654098468
PIMA,LR,0,default,691,77,,0.7662337662337663,0.7603703703703704,0.6896551724137931,0.8459259259259259,0.5066740688254677,0.15967881613690504
PIMA,LR,0,tuned,691,77,{'clf__C': 0.1},0.7662337662337663,0.7603703703703704,0.6896551724137931,0.8496296296296296,0.5066740688254677,0.15868356547338855
PIMA,LR,1,default,691,77,,0.7532467532467533,0.7503703703703704,0.6779661016949152,0.8274074074074074,0.4848401374141137,0.15300907323897692
PIMA,LR,1,tuned,691,77,{'clf__C': 0.1},0.7402597402597403,0.7318518518518519,0.6551724137931034,0.8274074074074074,0.4511777625672017,0.15514496329631325
PIMA,LR,2,default,691,77,,0.7922077922077922,0.7718518518518518,0.7037037037037037,0.8659259259259259,0.5437037037037037,0.14411815616134577
PIMA,LR,2,tuned,691,77,{'clf__C': 0.1},0.7662337662337663,0.7518518518518519,0.6785714285714286,0.8629629629629629,0.49604652413672967,0.14623474514015566
PIMA,LR,3,default,691,77,,0.7792207792207793,0.778888888888889,0.711864406779661,0.8799999999999999,0.5400660110544787,0.14085033301295177
PIMA,LR,3,tuned,691,77,{'clf__C': 1},0.7792207792207793,0.778888888888889,0.711864406779661,0.8799999999999999,0.5400660110544787,0.14085033301295177
PIMA,LR,4,default,691,77,,0.7012987012987013,0.6592592592592592,0.5490196078431373,0.7481481481481482,0.32813912498853487,0.19092803833105843
PIMA,LR,4,tuned,691,77,{'clf__C': 100},0.7012987012987013,0.6592592592592592,0.5490196078431373,0.7474074074074074,0.32813912498853487,0.19126852463233457
PIMA,LR,5,default,691,77,,0.7402597402597403,0.7403703703703703,0.6666666666666666,0.8037037037037037,0.46354777877784786,0.16845726661849014
PIMA,LR,5,tuned,691,77,{'clf__C': 0.1},0.7402597402597403,0.7403703703703703,0.6666666666666666,0.8081481481481482,0.46354777877784786,0.16889515381695133
PIMA,LR,6,default,691,77,,0.7662337662337663,0.7603703703703704,0.6896551724137931,0.8777777777777778,0.5066740688254677,0.13364252288632755
PIMA,LR,6,tuned,691,77,{'clf__C': 0.1},0.7662337662337663,0.7603703703703704,0.6896551724137931,0.8837037037037037,0.5066740688254677,0.13380341600136395
PIMA,LR,7,default,691,77,,0.7272727272727273,0.7388888888888889,0.6666666666666666,0.8325925925925926,0.4569299776953924,0.17292952503332631
PIMA,LR,7,tuned,691,77,{'clf__C': 0.1},0.7402597402597403,0.7488888888888889,0.6774193548387096,0.8288888888888888,0.4770278351999552,0.17046771134694713
PIMA,LR,8,default,692,76,,0.7631578947368421,0.7738461538461539,0.7,0.8476923076923077,0.5225696870130913,0.1523310110095228
PIMA,LR,8,tuned,692,76,{'clf__C': 0.1},0.7763157894736842,0.7838461538461539,0.711864406779661,0.8438461538461539,0.5433672862863087,0.15000697097440302
PIMA,LR,9,default,692,76,,0.8157894736842105,0.7861538461538462,0.72,0.8761538461538462,0.5841090925098348,0.1365996596804807
PIMA,LR,9,tuned,692,76,{'clf__C': 0.1},0.8157894736842105,0.7953846153846154,0.7307692307692307,0.8784615384615384,0.5907692307692308,0.13671658046964455
PIMA,RF,0,default,691,77,,0.7792207792207793,0.7959259259259259,0.7301587301587301,0.8414814814814814,0.5660264374862303,0.15414545454545453
PIMA,RF,0,tuned,691,77,"{'clf__max_depth': 10, 'clf__min_samples_leaf': 5, 'clf__n_estimators': 100}",0.8181818181818182,0.825925925925926,0.7666666666666667,0.834074074074074,0.628539361054709,0.15675506642293305
PIMA,RF,1,default,691,77,,0.6883116883116883,0.6748148148148148,0.5862068965517241,0.7862962962962963,0.3401851500506696,0.17678441558441554
PIMA,RF,1,tuned,691,77,"{'clf__max_depth': 5, 'clf__min_samples_leaf': 1, 'clf__n_estimators': 300}",0.7272727272727273,0.7388888888888889,0.6666666666666666,0.7992592592592593,0.4569299776953924,0.16656426037724348
PIMA,RF,2,default,691,77,,0.8051948051948052,0.8159259259259259,0.7540983606557377,0.907037037037037,0.6071674212673529,0.12405714285714287
PIMA,RF,2,tuned,691,77,"{'clf__max_depth': 5, 'clf__min_samples_leaf': 5, 'clf__n_estimators': 300}",0.8181818181818182,0.8344444444444444,0.7741935483870968,0.9111111111111111,0.6410061535499397,0.12933340925074824
PIMA,RF,3,default,691,77,,0.8051948051948052,0.8244444444444444,0.7619047619047619,0.8725925925925926,0.6205746673816492,0.13684415584415588
PIMA,RF,3,tuned,691,77,"{'clf__max_depth': 5, 'clf__min_samples_leaf': 5, 'clf__n_estimators': 300}",0.7792207792207793,0.7959259259259259,0.7301587301587301,0.8851851851851852,0.5660264374862303,0.1373025583946619
PIMA,RF,4,default,691,77,,0.7272727272727273,0.7133333333333334,0.631578947368421,0.747037037037037,0.417489966754203,0.19956363636363636
PIMA,RF,4,tuned,691,77,"{'clf__max_depth': None, 'clf__min_samples_leaf': 5, 'clf__n_estimators': 300}",0.7012987012987013,0.6762962962962963,0.5818181818181818,0.7540740740740741,0.349754259914075,0.19380975633453337
PIMA,RF,5,default,691,77,,0.7012987012987013,0.7103703703703703,0.6349206349206349,0.7581481481481482,0.4023817477999735,0.18667272727272727
PIMA,RF,5,tuned,691,77,"{'clf__max_depth': 5, 'clf__min_samples_leaf': 5, 'clf__n_estimators': 300}",0.7402597402597403,0.7318518518518519,0.6551724137931034,0.7888888888888889,0.4511777625672017,0.17684426944609347
PIMA,RF,6,default,691,77,,0.8051948051948052,0.8329629629629629,0.7692307692307693,0.8985185185185186,0.6355777799058047,0.12731558441558438
PIMA,RF,6,tuned,691,77,"{'clf__max_depth': 5, 'clf__min_samples_leaf': 5, 'clf__n_estimators': 300}",0.8181818181818182,0.8429629629629629,0.78125,0.9037037037037037,0.6551085155660604,0.1367640914686869
PIMA,RF,7,default,691,77,,0.6883116883116883,0.7174074074074074,0.6470588235294118,0.81,0.4158417006313106,0.16947922077922078
PIMA,RF,7,tuned,691,77,"{'clf__max_depth': 5, 'clf__min_samples_leaf': 1, 'clf__n_estimators': 300}",0.7142857142857143,0.7544444444444445,0.6857142857142857,0.8251851851851851,0.4890082279140345,0.16408587387588058
PIMA,RF,8,default,692,76,,0.6973684210526315,0.7330769230769231,0.6567164179104478,0.8211538461538461,0.4436852564688467,0.16135131578947368
PIMA,RF,8,tuned,692,76,"{'clf__max_depth': 5, 'clf__min_samples_leaf': 5, 'clf__n_estimators': 300}",0.7368421052631579,0.7815384615384615,0.7058823529411765,0.8430769230769231,0.5372486108055937,0.15703301430706434
PIMA,RF,9,default,692,76,,0.7763157894736842,0.7838461538461539,0.711864406779661,0.8253846153846154,0.5433672862863087,0.16067499999999998
PIMA,RF,9,tuned,692,76,"{'clf__max_depth': None, 'clf__min_samples_leaf': 5, 'clf__n_estimators': 300}",0.7236842105263158,0.7161538461538461,0.631578947368421,0.8369230769230769,0.41732801112835244,0.154800818968544
PIMA,XGB,0,default,691,77,,0.7402597402597403,0.6977777777777778,0.6,0.8103703703703704,0.4123951744684367,0.19482992589473724
PIMA,XGB,0,tuned,691,77,"{'clf__learning_rate': 0.1, 'clf__max_depth': 2, 'clf__n_estimators': 100}",0.7922077922077922,0.788888888888889,0.7241379310344828,0.8555555555555556,0.5621703750837337,0.15318486094474792
PIMA,XGB,1,default,691,77,,0.6753246753246753,0.6562962962962963,0.5614035087719298,0.7614814814814814,0.3058693853650585,0.2138885110616684
PIMA,XGB,1,tuned,691,77,"{'clf__learning_rate': 0.03, 'clf__max_depth': 3, 'clf__n_estimators': 100}",0.7272727272727273,0.7388888888888889,0.6666666666666666,0.8018518518518518,0.4569299776953924,0.16558973491191864
PIMA,XGB,2,default,691,77,,0.8441558441558441,0.8288888888888889,0.7777777777777778,0.8755555555555555,0.6577777777777778,0.12546344101428986
PIMA,XGB,2,tuned,691,77,"{'clf__learning_rate': 0.03, 'clf__max_depth': 2, 'clf__n_estimators': 300}",0.8441558441558441,0.845925925925926,0.7931034482758621,0.9185185185185185,0.6731629876002658,0.11621692031621933
PIMA,XGB,3,default,691,77,,0.7662337662337663,0.7433333333333333,0.6666666666666666,0.8607407407407407,0.4866666666666667,0.17924128472805023
PIMA,XGB,3,tuned,691,77,"{'clf__learning_rate': 0.03, 'clf__max_depth': 2, 'clf__n_estimators': 300}",0.8181818181818182,0.8344444444444444,0.7741935483870968,0.8970370370370371,0.6410061535499397,0.12740230560302734
PIMA,XGB,4,default,691,77,,0.6883116883116883,0.6492592592592592,0.5384615384615384,0.7214814814814815,0.30420509650684807,0.2467295229434967
PIMA,XGB,4,tuned,691,77,"{'clf__learning_rate': 0.03, 'clf__max_depth': 2, 'clf__n_estimators': 300}",0.7272727272727273,0.7048148148148148,0.6181818181818182,0.7644444444444445,0.4063321549001754,0.18954111635684967
PIMA,XGB,5,default,691,77,,0.7272727272727273,0.6962962962962963,0.6037735849056604,0.7814814814814814,0.3961295342422729,0.20655664801597595
PIMA,XGB,5,tuned,691,77,"{'clf__learning_rate': 0.03, 'clf__max_depth': 2, 'clf__n_estimators': 300}",0.7402597402597403,0.7318518518518519,0.6551724137931034,0.7937037037037037,0.4511777625672017,0.17845992743968964
PIMA,XGB,6,default,691,77,,0.7662337662337663,0.7774074074074073,0.7096774193548387,0.8629629629629629,0.53168727464995,0.1571415364742279
PIMA,XGB,6,tuned,691,77,"{'clf__learning_rate': 0.1, 'clf__max_depth': 2, 'clf__n_estimators': 100}",0.7922077922077922,0.8059259259259259,0.7419354838709677,0.8985185185185185,0.5863467140999449,0.1257103830575943
PIMA,XGB,7,default,691,77,,0.7012987012987013,0.7018518518518518,0.6229508196721312,0.7711111111111111,0.3879322914310754,0.22154591977596283
PIMA,XGB,7,tuned,691,77,"{'clf__learning_rate': 0.03, 'clf__max_depth': 2, 'clf__n_estimators': 300}",0.6883116883116883,0.7088888888888889,0.6363636363636364,0.7851851851851852,0.39873845146482073,0.18301266431808472
PIMA,XGB,8,default,692,76,,0.6842105263157895,0.676923076923077,0.5862068965517241,0.7961538461538462,0.3400046276937225,0.21381516754627228
PIMA,XGB,8,tuned,692,76,"{'clf__learning_rate': 0.03, 'clf__max_depth': 3, 'clf__n_estimators': 100}",0.7368421052631579,0.7538461538461538,0.6774193548387096,0.8146153846153846,0.48238191061886604,0.1636769026517868
PIMA,XGB,9,default,692,76,,0.7368421052631579,0.716923076923077,0.6296296296296297,0.8053846153846154,0.4266854105315057,0.19501428306102753
PIMA,XGB,9,tuned,692,76,"{'clf__learning_rate': 0.03, 'clf__max_depth': 2, 'clf__n_estimators': 100}",0.7368421052631579,0.7353846153846153,0.6551724137931034,0.8092307692307692,0.4523539829316482,0.16061019897460938
PIMA,SVM,0,default,691,77,,0.7532467532467533,0.7248148148148148,0.6415094339622641,0.8133333333333332,0.4536804288397352,0.17259204358682734
PIMA,SVM,0,tuned,691,77,"{'clf__C': 1, 'clf__gamma': 0.01}",0.7662337662337663,0.7518518518518519,0.6785714285714286,0.8377777777777777,0.49604652413672967,0.16537771591886832
PIMA,SVM,1,default,691,77,,0.7402597402597403,0.7062962962962962,0.6153846153846154,0.8081481481481481,0.4204522053456932,0.16815823157802692
PIMA,SVM,1,tuned,691,77,"{'clf__C': 1, 'clf__gamma': 0.01}",0.7532467532467533,0.7418518518518519,0.6666666666666666,0.825925925925926,0.4733002574487753,0.15744537796768193
PIMA,SVM,2,default,691,77,,0.8311688311688312,0.8188888888888889,0.7636363636363637,0.884074074074074,0.6326437348445768,0.1425015627681673
PIMA,SVM,2,tuned,691,77,"{'clf__C': 10, 'clf__gamma': 0.01}",0.7922077922077922,0.788888888888889,0.7241379310344828,0.8933333333333333,0.5621703750837337,0.13640031004863848
PIMA,SVM,3,default,691,77,,0.7922077922077922,0.7974074074074073,0.7333333333333333,0.888888888888889,0.5735421669624219,0.14052430375237387
PIMA,SVM,3,tuned,691,77,"{'clf__C': 10, 'clf__gamma': 0.01}",0.8051948051948052,0.8074074074074074,0.7457627118644068,0.8807407407407408,0.5952918846948437,0.13772234012890916
PIMA,SVM,4,default,691,77,,0.6753246753246753,0.6222222222222222,0.4897959183673469,0.7274074074074074,0.25819888974716115,0.2058290660863504
PIMA,SVM,4,tuned,691,77,"{'clf__C': 1, 'clf__gamma': 0.1}",0.7012987012987013,0.6507407407407407,0.5306122448979592,0.7288888888888889,0.31844529735483207,0.2022817582727224
PIMA,SVM,5,default,691,77,,0.7272727272727273,0.7048148148148148,0.6181818181818182,0.7822222222222223,0.4063321549001754,0.17451706014212087
PIMA,SVM,5,tuned,691,77,"{'clf__C': 10, 'clf__gamma': 0.01}",0.7662337662337663,0.7518518518518519,0.6785714285714286,0.8233333333333334,0.49604652413672967,0.16649402936694027
PIMA,SVM,6,default,691,77,,0.7662337662337663,0.7518518518518519,0.6785714285714286,0.8755555555555555,0.49604652413672967,0.14438762696859317
PIMA,SVM,6,tuned,691,77,"{'clf__C': 10, 'clf__gamma': 0.01}",0.7532467532467533,0.7503703703703704,0.6779661016949152,0.8874074074074074,0.4848401374141137,0.13479798934513132
PIMA,SVM,7,default,691,77,,0.7272727272727273,0.7388888888888889,0.6666666666666666,0.8392592592592593,0.4569299776953924,0.16280722511734733
PIMA,SVM,7,tuned,691,77,"{'clf__C': 1, 'clf__gamma': 0.01}",0.7402597402597403,0.7488888888888889,0.6774193548387096,0.8303703703703704,0.4770278351999552,0.17116487906440792
PIMA,SVM,8,default,692,76,,0.7631578947368421,0.7738461538461539,0.7,0.8353846153846155,0.5225696870130913,0.1605960104913108
PIMA,SVM,8,tuned,692,76,"{'clf__C': 10, 'clf__gamma': 0.01}",0.7631578947368421,0.7738461538461539,0.7,0.8515384615384616,0.5225696870130913,0.14864492163080312
PIMA,SVM,9,default,692,76,,0.7763157894736842,0.7838461538461539,0.711864406779661,0.8284615384615385,0.5433672862863087,0.15156736615729685
PIMA,SVM,9,tuned,692,76,"{'clf__C': 10, 'clf__gamma': 0.01}",0.75,0.7361538461538462,0.6545454545454545,0.8415384615384616,0.4612631569755697,0.15038261954251106
PIMA,MLP,0,default,691,77,,0.6883116883116883,0.6407407407407407,0.52,0.7274074074074074,0.29346473089514225,0.27540520498001736
PIMA,MLP,0,tuned,691,77,"{'clf__alpha': 1.0, 'clf__hidden_layer_sizes': (32,)}",0.8051948051948052,0.8074074074074074,0.7457627118644068,0.8488888888888888,0.5952918846948437,0.15735054530925718
PIMA,MLP,1,default,691,77,,0.7272727272727273,0.6962962962962963,0.6037735849056604,0.7303703703703703,0.3961295342422729,0.23929243698320493
PIMA,MLP,1,tuned,691,77,"{'clf__alpha': 1.0, 'clf__hidden_layer_sizes': (32,)}",0.7012987012987013,0.6933333333333334,0.6101694915254238,0.8133333333333334,0.37438839013338365,0.16513625094258944
PIMA,MLP,2,default,691,77,,0.7792207792207793,0.7533333333333333,0.6792452830188679,0.8377777777777777,0.5112313234371975,0.1760228416992985
PIMA,MLP,2,tuned,691,77,"{'clf__alpha': 1.0, 'clf__hidden_layer_sizes': (32,)}",0.8181818181818182,0.825925925925926,0.7666666666666667,0.8918518518518518,0.628539361054709,0.12934867096065503
PIMA,MLP,3,default,691,77,,0.7272727272727273,0.7133333333333334,0.631578947368421,0.7725925925925925,0.417489966754203,0.24436370926629802
PIMA,MLP,3,tuned,691,77,"{'clf__alpha': 1.0, 'clf__hidden_layer_sizes': (32,)}",0.7922077922077922,0.8059259259259259,0.7419354838709677,0.8985185185185185,0.5863467140999449,0.12893649834732787
PIMA,MLP,4,default,691,77,,0.6233766233766234,0.5737037037037037,0.43137254901960786,0.6725925925925925,0.15185973458771732,0.32114953805311114
PIMA,MLP,4,tuned,691,77,"{'clf__alpha': 1.0, 'clf__hidden_layer_sizes': (32,)}",0.7532467532467533,0.7248148148148148,0.6415094339622641,0.7518518518518518,0.4536804288397352,0.19311100543758286
PIMA,MLP,5,default,691,77,,0.6103896103896104,0.5807407407407408,0.4642857142857143,0.6755555555555556,0.15902667979677512,0.32144008059002455
PIMA,MLP,5,tuned,691,77,"{'clf__alpha': 1.0, 'clf__hidden_layer_sizes': (32,)}",0.7532467532467533,0.7418518518518519,0.6666666666666666,0.8155555555555556,0.4733002574487753,0.16734413839263548
PIMA,MLP,6,default,691,77,,0.7272727272727273,0.6962962962962963,0.6037735849056604,0.7644444444444444,0.3961295342422729,0.22821055619597413
PIMA,MLP,6,tuned,691,77,"{'clf__alpha': 1.0, 'clf__hidden_layer_sizes': (32,)}",0.7792207792207793,0.7959259259259259,0.7301587301587301,0.9044444444444445,0.5660264374862303,0.12447252144953151
PIMA,MLP,7,default,691,77,,0.6883116883116883,0.7259259259259259,0.6571428571428571,0.7977777777777777,0.43419944545496514,0.2754941919529302
PIMA,MLP,7,tuned,691,77,"{'clf__alpha': 1.0, 'clf__hidden_layer_sizes': (32,)}",0.7402597402597403,0.7659259259259259,0.696969696969697,0.845925925925926,0.507613844240676,0.16054659454938022
PIMA,MLP,8,default,692,76,,0.7236842105263158,0.6976923076923077,0.6037735849056604,0.7738461538461539,0.39193271931340373,0.2555007471194998
PIMA,MLP,8,tuned,692,76,"{'clf__alpha': 1.0, 'clf__hidden_layer_sizes': (32,)}",0.7236842105263158,0.7346153846153847,0.6557377049180327,0.833076923076923,0.44661387202309655,0.1528333719314761
PIMA,MLP,9,default,692,76,,0.6973684210526315,0.6684615384615384,0.5660377358490566,0.7546153846153846,0.3339815779363246,0.2596607184366091
PIMA,MLP,9,tuned,692,76,"{'clf__alpha': 1.0, 'clf__hidden_layer_sizes': (32,)}",0.75,0.7546153846153847,0.6779661016949152,0.8446153846153845,0.48741076357931756,0.14802896131875362
PIMA,NB,0,default,691,77,,0.7662337662337663,0.7433333333333333,0.6666666666666666,0.8392592592592593,0.4866666666666667,0.1863323491128301
PIMA,NB,0,tuned,691,77,{'clf__var_smoothing': 0.001},0.7272727272727273,0.6962962962962963,0.6037735849056604,0.8140740740740741,0.3961295342422729,0.20487330485584035
PIMA,NB,1,default,691,77,,0.7402597402597403,0.7062962962962962,0.6153846153846154,0.7703703703703704,0.4204522053456932,0.19172740185685597
PIMA,NB,1,tuned,691,77,{'clf__var_smoothing': 1e-05},0.7402597402597403,0.7148148148148148,0.6296296296296297,0.7622222222222222,0.42962962962962964,0.1975571755706247
PIMA,NB,2,default,691,77,,0.7142857142857143,0.6862962962962963,0.5925925925925926,0.8162962962962963,0.3725925925925926,0.17745499369839673
PIMA,NB,2,tuned,691,77,{'clf__var_smoothing': 1e-07},0.7142857142857143,0.6862962962962963,0.5925925925925926,0.817037037037037,0.3725925925925926,0.1773154679736279
PIMA,NB,3,default,691,77,,0.7402597402597403,0.7318518518518519,0.6551724137931034,0.8385185185185184,0.4511777625672017,0.17816205260033144
PIMA,NB,3,tuned,691,77,{'clf__var_smoothing': 1e-07},0.7402597402597403,0.7318518518518519,0.6551724137931034,0.8385185185185184,0.4511777625672017,0.17806399329476488
PIMA,NB,4,default,691,77,,0.6883116883116883,0.6492592592592592,0.5384615384615384,0.72,0.30420509650684807,0.237779625932256
PIMA,NB,4,tuned,691,77,{'clf__var_smoothing': 1e-07},0.6883116883116883,0.6492592592592592,0.5384615384615384,0.7185185185185186,0.30420509650684807,0.23756806967869917
PIMA,NB,5,default,691,77,,0.6883116883116883,0.6577777777777778,0.5555555555555556,0.7859259259259259,0.31555555555555553,0.20802760999814512
PIMA,NB,5,tuned,691,77,{'clf__var_smoothing': 1e-07},0.6883116883116883,0.6577777777777778,0.5555555555555556,0.7859259259259259,0.31555555555555553,0.20786311803618499
PIMA,NB,6,default,691,77,,0.8051948051948052,0.7903703703703704,0.7272727272727273,0.8725925925925926,0.5760658398584765,0.1419871189032675
PIMA,NB,6,tuned,691,77,{'clf__var_smoothing': 1e-07},0.8051948051948052,0.7903703703703704,0.7272727272727273,0.8725925925925926,0.5760658398584765,0.14192193882378845
PIMA,NB,7,default,691,77,,0.7272727272727273,0.7218518518518519,0.6440677966101694,0.8044444444444445,0.4296142637737487,0.2061166574460853
PIMA,NB,7,tuned,691,77,{'clf__var_smoothing': 1e-05},0.7272727272727273,0.7303703703703703,0.6557377049180327,0.8014814814814815,0.4427410738901448,0.20736333308189722
PIMA,NB,8,default,692,76,,0.6842105263157895,0.6953846153846154,0.6129032258064516,0.8400000000000001,0.37128789483997565,0.16926799907353673
PIMA,NB,8,tuned,692,76,{'clf__var_smoothing': 1e-11},0.6842105263157895,0.6953846153846154,0.6129032258064516,0.8400000000000001,0.37128789483997565,0.1692688479405061
PIMA,NB,9,default,692,76,,0.8289473684210527,0.8053846153846154,0.7450980392156863,0.8861538461538461,0.6167280960802103,0.13320117956885538
PIMA,NB,9,tuned,692,76,{'clf__var_smoothing': 1e-05},0.7894736842105263,0.7661538461538462,0.6923076923076923,0.8707692307692307,0.5323076923076923,0.14146636836720597
HEART,LR,0,default,272,31,,0.9354838709677419,0.9285714285714286,0.9230769230769231,1.0,0.875738141931184,0.05402338912736332
HEART,LR,0,tuned,272,31,{'clf__C': 0.01},0.9354838709677419,0.9348739495798319,0.9285714285714286,0.9957983193277311,0.8697478991596639,0.10291933807353289
HEART,LR,1,default,272,31,,0.7741935483870968,0.7878151260504203,0.7878787878787878,0.9243697478991597,0.5881182619831972,0.1270663384821773
HEART,LR,1,tuned,272,31,{'clf__C': 0.01},0.7741935483870968,0.7815126050420168,0.7741935483870968,0.9033613445378151,0.5630252100840336,0.14040305952867005
HEART,LR,2,default,272,31,,0.7741935483870968,0.7752100840336134,0.7586206896551724,0.7983193277310925,0.5481219527349985,0.18248505535108875
HEART,LR,2,tuned,272,31,{'clf__C': 0.01},0.7741935483870968,0.7752100840336134,0.7586206896551724,0.8529411764705882,0.5481219527349985,0.1637489467164304
HEART,LR,3,default,273,30,,0.8333333333333334,0.8257918552036199,0.8,0.8778280542986425,0.6590820436573076,0.14775024754239888
HEART,LR,3,tuned,273,30,{'clf__C': 0.01},0.8333333333333334,0.8257918552036199,0.8,0.9004524886877828,0.6590820436573076,0.14229338963237084
HEART,LR,4,default,273,30,,0.8333333333333334,0.8258928571428572,0.8,0.9285714285714286,0.6747699033149638,0.11638441472485903
HEART,LR,4,tuned,273,30,{'clf__C': 0.01},0.8333333333333334,0.8258928571428572,0.8,0.9375,0.6747699033149638,0.130733307953849
HEART,LR,5,default,273,30,,0.8,0.7901785714285714,0.75,0.9196428571428572,0.6141922686399942,0.13219704077818048
HEART,LR,5,tuned,273,30,{'clf__C': 0.01},0.7666666666666667,0.7544642857142857,0.6956521739130435,0.8705357142857143,0.554051251343814,0.14780554005341748
HEART,LR,6,default,273,30,,0.9,0.8973214285714286,0.8888888888888888,0.9598214285714286,0.8000181801424892,0.06829368820446131
HEART,LR,6,tuned,273,30,{'clf__C': 0.01},0.9333333333333333,0.9330357142857143,0.9285714285714286,0.9910714285714286,0.8660714285714286,0.10543621773617777
HEART,LR,7,default,273,30,,0.9333333333333333,0.9375,0.9333333333333333,0.9464285714285714,0.875,0.09254831350174236
HEART,LR,7,tuned,273,30,{'clf__C': 0.01},0.8333333333333334,0.8392857142857143,0.8387096774193549,0.9375,0.6831615920317885,0.11806772885695546
HEART,LR,8,default,273,30,,0.7333333333333333,0.7321428571428572,0.7142857142857143,0.8125,0.4642857142857143,0.18499423807575316
HEART,LR,8,tuned,273,30,{'clf__C': 0.1},0.7666666666666667,0.7633928571428572,0.7407407407407407,0.8169642857142857,0.5303491306562569,0.17525930221054647
HEART,LR,9,default,273,30,,0.8333333333333334,0.8303571428571428,0.8148148148148148,0.8839285714285714,0.6651836553993731,0.12104697462931235
HEART,LR,9,tuned,273,30,{'clf__C': 0.1},0.8666666666666667,0.8616071428571428,0.8461538461538461,0.8973214285714286,0.7364853795464743,0.11900168679661825
HEART,RF,0,default,272,31,,0.9354838709677419,0.9348739495798319,0.9285714285714286,0.9873949579831933,0.8697478991596639,0.0784258064516129
HEART,RF,0,tuned,272,31,"{'clf__max_depth': None, 'clf__min_samples_leaf': 5, 'clf__n_estimators': 300}",0.9354838709677419,0.9348739495798319,0.9285714285714286,0.9831932773109243,0.8697478991596639,0.09003592392293507
HEART,RF,1,default,272,31,,0.8064516129032258,0.8109243697478992,0.8,0.9159663865546218,0.619252282479235,0.12242903225806454
HEART,RF,1,tuned,272,31,"{'clf__max_depth': None, 'clf__min_samples_leaf': 5, 'clf__n_estimators': 100}",0.8064516129032258,0.8172268907563025,0.8125,0.9369747899159664,0.6398534855276595,0.11812308784372023
HEART,RF,2,default,272,31,,0.7419354838709677,0.7394957983193278,0.7142857142857143,0.8088235294117647,0.4789915966386555,0.1769
HEART,RF,2,tuned,272,31,"{'clf__max_depth': None, 'clf__min_samples_leaf': 5, 'clf__n_estimators': 300}",0.7741935483870968,0.7752100840336134,0.7586206896551724,0.8319327731092437,0.5481219527349985,0.16594242424230354
HEART,RF,3,default,273,30,,0.8333333333333334,0.8257918552036199,0.8,0.8959276018099547,0.6590820436573076,0.13211
HEART,RF,3,tuned,273,30,"{'clf__max_depth': 5, 'clf__min_samples_leaf': 5, 'clf__n_estimators': 100}",0.8333333333333334,0.8257918552036199,0.8,0.8823529411764706,0.6590820436573076,0.13914370487290603
HEART,RF,4,default,273,30,,0.8666666666666667,0.8660714285714286,0.8571428571428571,0.9397321428571429,0.7321428571428571,0.11356000000000002
HEART,RF,4,tuned,273,30,"{'clf__max_depth': None, 'clf__min_samples_leaf': 5, 'clf__n_estimators': 300}",0.8333333333333334,0.8303571428571428,0.8148148148148148,0.9419642857142857,0.6651836553993731,0.11461229821341434
HEART,RF,5,default,273,30,,0.8333333333333334,0.8214285714285714,0.782608695652174,0.9174107142857143,0.6998542122237652,0.12228333333333334
HEART,RF,5,tuned,273,30,"{'clf__max_depth': 5, 'clf__min_samples_leaf': 1, 'clf__n_estimators': 300}",0.8333333333333334,0.8214285714285714,0.782608695652174,0.9017857142857143,0.6998542122237652,0.12608692441619979
HEART,RF,6,default,273,30,,0.9333333333333333,0.9330357142857143,0.9285714285714286,0.9441964285714286,0.8660714285714286,0.11428666666666665
HEART,RF,6,tuned,273,30,"{'clf__max_depth': 5, 'clf__min_samples_leaf': 5, 'clf__n_estimators': 100}",0.9,0.9017857142857143,0.896551724137931,0.9732142857142857,0.8017837257372731,0.10265793483694564
HEART,RF,7,default,273,30,,0.8666666666666667,0.8705357142857143,0.8666666666666667,0.9598214285714286,0.7410714285714286,0.08424999999999998
HEART,RF,7,tuned,273,30,"{'clf__max_depth': None, 'clf__min_samples_leaf': 5, 'clf__n_estimators': 300}",0.8666666666666667,0.8705357142857143,0.8666666666666667,0.9642857142857143,0.7410714285714286,0.09039942687147903
HEART,RF,8,default,273,30,,0.7333333333333333,0.7366071428571428,0.7333333333333333,0.8214285714285714,0.4732142857142857,0.17384666666666668
HEART,RF,8,tuned,273,30,"{'clf__max_depth': None, 'clf__min_samples_leaf': 1, 'clf__n_estimators': 300}",0.7333333333333333,0.7366071428571428,0.7333333333333333,0.8258928571428572,0.4732142857142857,0.17260259259259256
HEART,RF,9,default,273,30,,0.8333333333333334,0.8303571428571428,0.8148148148148148,0.8571428571428571,0.6651836553993731,0.14242666666666667
HEART,RF,9,tuned,273,30,"{'clf__max_depth': 5, 'clf__min_samples_leaf': 5, 'clf__n_estimators': 300}",0.8333333333333334,0.8303571428571428,0.8148148148148148,0.8705357142857143,0.6651836553993731,0.13629132176396921
HEART,XGB,0,default,272,31,,0.8709677419354839,0.8634453781512605,0.8461538461538461,0.9159663865546219,0.7426602870298766,0.10508476197719574
HEART,XGB,0,tuned,272,31,"{'clf__learning_rate': 0.03, 'clf__max_depth': 2, 'clf__n_estimators': 300}",0.8709677419354839,0.8634453781512605,0.8461538461538461,0.9747899159663865,0.7426602870298766,0.07348793745040894
HEART,XGB,1,default,272,31,,0.7741935483870968,0.7878151260504203,0.7878787878787878,0.8907563025210083,0.5881182619831972,0.17250849306583405
HEART,XGB,1,tuned,272,31,"{'clf__learning_rate': 0.1, 'clf__max_depth': 2, 'clf__n_estimators': 100}",0.8064516129032258,0.8172268907563025,0.8125,0.9201680672268907,0.6398534855276595,0.12222632020711899
HEART,XGB,2,default,272,31,,0.7741935483870968,0.76890756302521,0.7407407407407407,0.7731092436974789,0.5423923585929828,0.20232565701007843
HEART,XGB,2,tuned,272,31,"{'clf__learning_rate': 0.03, 'clf__max_depth': 2, 'clf__n_estimators': 300}",0.8064516129032258,0.8046218487394958,0.7857142857142857,0.7983193277310924,0.6092436974789915,0.18547311425209045
HEART,XGB,3,default,273,30,,0.7666666666666667,0.748868778280543,0.6956521739130435,0.8778280542986425,0.5232166435699436,0.16530007123947144
HEART,XGB,3,tuned,273,30,"{'clf__learning_rate': 0.03, 'clf__max_depth': 2, 'clf__n_estimators': 100}",0.8,0.7873303167420814,0.75,0.8642533936651584,0.5909278263416963,0.15099240839481354
HEART,XGB,4,default,273,30,,0.8666666666666667,0.8660714285714286,0.8571428571428571,0.9241071428571428,0.7321428571428571,0.1149664893746376
HEART,XGB,4,tuned,273,30,"{'clf__learning_rate': 0.03, 'clf__max_depth': 2, 'clf__n_estimators': 100}",0.8333333333333334,0.8303571428571428,0.8148148148148148,0.9084821428571428,0.6651836553993731,0.1228916347026825
HEART,XGB,5,default,273,30,,0.8666666666666667,0.8571428571428572,0.8333333333333334,0.8883928571428571,0.7559289460184545,0.13218793272972107
HEART,XGB,5,tuned,273,30,"{'clf__learning_rate': 0.03, 'clf__max_depth': 2, 'clf__n_estimators': 100}",0.8333333333333334,0.8214285714285714,0.782608695652174,0.9196428571428571,0.6998542122237652,0.12225168198347092
HEART,XGB,6,default,273,30,,0.8,0.7946428571428572,0.7692307692307693,0.8258928571428571,0.600099198148979,0.19742202758789062
HEART,XGB,6,tuned,273,30,"{'clf__learning_rate': 0.03, 'clf__max_depth': 2, 'clf__n_estimators': 300}",0.8333333333333334,0.8348214285714286,0.8275862068965517,0.9017857142857143,0.6681531047810609,0.12183038890361786
HEART,XGB,7,default,273,30,,0.8333333333333334,0.8348214285714286,0.8275862068965517,0.9508928571428572,0.6681531047810609,0.10794099420309067
HEART,XGB,7,tuned,273,30,"{'clf__learning_rate': 0.03, 'clf__max_depth': 2, 'clf__n_estimators': 100}",0.8666666666666667,0.8705357142857143,0.8666666666666667,0.9464285714285714,0.7410714285714286,0.09302917867898941
HEART,XGB,8,default,273,30,,0.7666666666666667,0.7678571428571428,0.7586206896551724,0.8348214285714286,0.5345224838248488,0.2078534960746765
HEART,XGB,8,tuned,273,30,"{'clf__learning_rate': 0.03, 'clf__max_depth': 2, 'clf__n_estimators': 300}",0.7333333333333333,0.7321428571428572,0.7142857142857143,0.84375,0.4642857142857143,0.16302374005317688
HEART,XGB,9,default,273,30,,0.8333333333333334,0.8303571428571428,0.8148148148148148,0.8392857142857142,0.6651836553993731,0.166457399725914
HEART,XGB,9,tuned,273,30,"{'clf__learning_rate': 0.1, 'clf__max_depth': 2, 'clf__n_estimators': 100}",0.8333333333333334,0.8303571428571428,0.8148148148148148,0.8616071428571428,0.6651836553993731,0.1408526748418808
HEART,SVM,0,default,272,31,,0.967741935483871,0.9642857142857143,0.9629629629629629,1.0,0.936474306633197,0.061949322439612056
HEART,SVM,0,tuned,272,31,"{'clf__C': 1, 'clf__gamma': 0.01}",0.967741935483871,0.9642857142857143,0.9629629629629629,0.9873949579831933,0.936474306633197,0.06437591367578835
HEART,SVM,1,default,272,31,,0.7096774193548387,0.7289915966386555,0.7428571428571429,0.865546218487395,0.48756034091629497,0.18592938395135478
HEART,SVM,1,tuned,272,31,"{'clf__C': 10, 'clf__gamma': 0.01}",0.7419354838709677,0.7584033613445378,0.7647058823529411,0.8865546218487395,0.5375331993584477,0.1491671004430605
HEART,SVM,2,default,272,31,,0.8064516129032258,0.8109243697478992,0.8,0.8151260504201681,0.619252282479235,0.16714942584962397
HEART,SVM,2,tuned,272,31,"{'clf__C': 0.1, 'clf__gamma': 0.01}",0.7741935483870968,0.7815126050420168,0.7741935483870968,0.8445378151260504,0.5630252100840336,0.1721253985827437
HEART,SVM,3,default,273,30,,0.7333333333333333,0.7285067873303167,0.6923076923076923,0.8416289592760181,0.45701357466063347,0.16497104867280046
HEART,SVM,3,tuned,273,30,"{'clf__C': 0.1, 'clf__gamma': 0.01}",0.8,0.7963800904977376,0.7692307692307693,0.8778280542986425,0.5927601809954751,0.13634527406091518
HEART,SVM,4,default,273,30,,0.8,0.7946428571428572,0.7692307692307693,0.9151785714285714,0.600099198148979,0.13302204786935948
HEART,SVM,4,tuned,273,30,"{'clf__C': 0.1, 'clf__gamma': 0.01}",0.8,0.7946428571428572,0.7692307692307693,0.9375,0.600099198148979,0.11342249803919476
HEART,SVM,5,default,273,30,,0.8333333333333334,0.8214285714285714,0.782608695652174,0.9107142857142857,0.6998542122237652,0.13094991393701605
HEART,SVM,5,tuned,273,30,"{'clf__C': 0.1, 'clf__gamma': 0.01}",0.7666666666666667,0.7544642857142857,0.6956521739130435,0.8794642857142857,0.554051251343814,0.15124729659470296
HEART,SVM,6,default,273,30,,0.9333333333333333,0.9285714285714286,0.9230769230769231,0.9508928571428572,0.8728715609439694,0.10023254650281949
HEART,SVM,6,tuned,273,30,"{'clf__C': 0.1, 'clf__gamma': 0.01}",0.9666666666666667,0.96875,0.9655172413793104,0.9910714285714286,0.9354143466934853,0.04784389314037827
HEART,SVM,7,default,273,30,,0.9,0.9017857142857143,0.896551724137931,0.9598214285714286,0.8017837257372731,0.0850841833917037
HEART,SVM,7,tuned,273,30,"{'clf__C': 0.1, 'clf__gamma': 0.01}",0.8333333333333334,0.8392857142857143,0.8387096774193549,0.9285714285714286,0.6831615920317885,0.10679875355406358
HEART,SVM,8,default,273,30,,0.7333333333333333,0.7366071428571428,0.7333333333333333,0.8080357142857142,0.4732142857142857,0.19635766479290576
HEART,SVM,8,tuned,273,30,"{'clf__C': 1, 'clf__gamma': 0.01}",0.7666666666666667,0.7678571428571428,0.7586206896551724,0.8125,0.5345224838248488,0.18518854511215466
HEART,SVM,9,default,273,30,,0.8333333333333334,0.8348214285714286,0.8275862068965517,0.8883928571428571,0.6681531047810609,0.12970289233748317
HEART,SVM,9,tuned,273,30,"{'clf__C': 0.1, 'clf__gamma': 0.01}",0.8333333333333334,0.8348214285714286,0.8275862068965517,0.9196428571428572,0.6681531047810609,0.11696373454422251
HEART,MLP,0,default,272,31,,0.8064516129032258,0.8109243697478992,0.8,0.9117647058823529,0.619252282479235,0.14857730715533854
HEART,MLP,0,tuned,272,31,"{'clf__alpha': 1.0, 'clf__hidden_layer_sizes': (32,)}",0.8709677419354839,0.8697478991596639,0.8571428571428571,0.9579831932773109,0.7394957983193278,0.08015259701597786
HEART,MLP,1,default,272,31,,0.7741935483870968,0.7815126050420168,0.7741935483870968,0.8487394957983193,0.5630252100840336,0.21028514406091775
HEART,MLP,1,tuned,272,31,"{'clf__alpha': 1.0, 'clf__hidden_layer_sizes': (32,)}",0.6774193548387096,0.6869747899159664,0.6875,0.8907563025210083,0.3771321868341834,0.15564012817063844
HEART,MLP,2,default,272,31,,0.8064516129032258,0.8109243697478992,0.8,0.8193277310924371,0.619252282479235,0.16431309831879495
HEART,MLP,2,tuned,272,31,"{'clf__alpha': 1.0, 'clf__hidden_layer_sizes': (64, 32)}",0.8387096774193549,0.8403361344537814,0.8275862068965517,0.8403361344537815,0.6778302010921357,0.1616953859190621
HEART,MLP,3,default,273,30,,0.7666666666666667,0.7579185520361991,0.72,0.8280542986425339,0.5217732845620352,0.21314529192207013
HEART,MLP,3,tuned,273,30,"{'clf__alpha': 1.0, 'clf__hidden_layer_sizes': (32,)}",0.8,0.7873303167420814,0.75,0.8687782805429864,0.5909278263416963,0.1575697832027559
HEART,MLP,4,default,273,30,,0.8666666666666667,0.8660714285714286,0.8571428571428571,0.8928571428571428,0.7321428571428571,0.13416778437332558
HEART,MLP,4,tuned,273,30,"{'clf__alpha': 1.0, 'clf__hidden_layer_sizes': (32,)}",0.8666666666666667,0.8660714285714286,0.8571428571428571,0.9151785714285714,0.7321428571428571,0.12274687280601401
HEART,MLP,5,default,273,30,,0.8333333333333334,0.8214285714285714,0.782608695652174,0.8705357142857143,0.6998542122237652,0.16123349090770947
HEART,MLP,5,tuned,273,30,"{'clf__alpha': 1.0, 'clf__hidden_layer_sizes': (32,)}",0.8333333333333334,0.8214285714285714,0.782608695652174,0.8794642857142857,0.6998542122237652,0.1279054339771082
HEART,MLP,6,default,273,30,,0.7333333333333333,0.7232142857142857,0.6666666666666666,0.8258928571428572,0.472455591261534,0.23405308581963197
HEART,MLP,6,tuned,273,30,"{'clf__alpha': 1.0, 'clf__hidden_layer_sizes': (16,)}",0.8333333333333334,0.8258928571428572,0.8,0.9196428571428571,0.6747699033149638,0.11922174643416587
HEART,MLP,7,default,273,30,,0.8666666666666667,0.8660714285714286,0.8571428571428571,0.9196428571428571,0.7321428571428571,0.12885864044163947
HEART,MLP,7,tuned,273,30,"{'clf__alpha': 1.0, 'clf__hidden_layer_sizes': (16,)}",0.9,0.9017857142857143,0.896551724137931,0.9285714285714286,0.8017837257372731,0.09130496965218131
HEART,MLP,8,default,273,30,,0.7,0.7053571428571428,0.7096774193548387,0.7946428571428572,0.41349254254555623,0.25220739293515326
HEART,MLP,8,tuned,273,30,"{'clf__alpha': 1.0, 'clf__hidden_layer_sizes': (16,)}",0.6666666666666666,0.6696428571428572,0.6666666666666666,0.7767857142857143,0.3392857142857143,0.19733839485979013
HEART,MLP,9,default,273,30,,0.7666666666666667,0.7633928571428572,0.7407407407407407,0.8571428571428572,0.5303491306562569,0.20634657827759248
HEART,MLP,9,tuned,273,30,"{'clf__alpha': 1.0, 'clf__hidden_layer_sizes': (64, 32)}",0.8,0.7991071428571428,0.7857142857142857,0.8571428571428572,0.5982142857142857,0.17497457356242516
HEART,NB,0,default,272,31,,0.9354838709677419,0.9348739495798319,0.9285714285714286,0.9873949579831932,0.8697478991596639,0.051052852078174595
HEART,NB,0,tuned,272,31,{'clf__var_smoothing': 1e-05},0.9354838709677419,0.9348739495798319,0.9285714285714286,0.9873949579831932,0.8697478991596639,0.049355642129139426
HEART,NB,1,default,272,31,,0.8387096774193549,0.8340336134453781,0.8148148148148148,0.8487394957983193,0.6737530079397209,0.15849218787207836
HEART,NB,1,tuned,272,31,{'clf__var_smoothing': 1e-05},0.7419354838709677,0.7521008403361344,0.75,0.8949579831932774,0.5084928361809214,0.19623836276819062
HEART,NB,2,default,272,31,,0.8387096774193549,0.8403361344537814,0.8275862068965517,0.8781512605042017,0.6778302010921357,0.17138173735012402
HEART,NB,2,tuned,272,31,{'clf__var_smoothing': 1e-05},0.7741935483870968,0.7815126050420168,0.7741935483870968,0.8697478991596639,0.5630252100840336,0.1760187438725092
HEART,NB,3,default,273,30,,0.8,0.7963800904977376,0.7692307692307693,0.8687782805429864,0.5927601809954751,0.17173884217575042
HEART,NB,3,tuned,273,30,{'clf__var_smoothing': 1e-05},0.8,0.7963800904977376,0.7692307692307693,0.8959276018099547,0.5927601809954751,0.16230609421863176
HEART,NB,4,default,273,30,,0.8333333333333334,0.8258928571428572,0.8,0.9151785714285714,0.6747699033149638,0.14070399074832762
HEART,NB,4,tuned,273,30,{'clf__var_smoothing': 1e-05},0.8333333333333334,0.8258928571428572,0.8,0.9464285714285714,0.6747699033149638,0.12242697671853785
HEART,NB,5,default,273,30,,0.7333333333333333,0.7232142857142857,0.6666666666666666,0.8035714285714285,0.472455591261534,0.2433372632263878
HEART,NB,5,tuned,273,30,{'clf__var_smoothing': 1e-05},0.7333333333333333,0.7232142857142857,0.6666666666666666,0.8214285714285714,0.472455591261534,0.22809772827133729
HEART,NB,6,default,273,30,,0.9,0.8973214285714286,0.8888888888888888,0.9732142857142857,0.8000181801424892,0.07626156682580548
HEART,NB,6,tuned,273,30,{'clf__var_smoothing': 1e-05},0.9,0.8973214285714286,0.8888888888888888,0.9821428571428571,0.8000181801424892,0.038266810895528566
HEART,NB,7,default,273,30,,0.8,0.7946428571428572,0.7692307692307693,0.8705357142857143,0.600099198148979,0.17500225969586003
HEART,NB,7,tuned,273,30,{'clf__var_smoothing': 1e-05},0.8666666666666667,0.8660714285714286,0.8571428571428571,0.8928571428571428,0.7321428571428571,0.1540937702278347
HEART,NB,8,default,273,30,,0.7333333333333333,0.7366071428571428,0.7333333333333333,0.7410714285714286,0.4732142857142857,0.23937055771781
HEART,NB,8,tuned,273,30,{'clf__var_smoothing': 1e-05},0.7333333333333333,0.7366071428571428,0.7333333333333333,0.7857142857142857,0.4732142857142857,0.22068179096962454
HEART,NB,9,default,273,30,,0.9,0.8973214285714286,0.8888888888888888,0.90625,0.8000181801424892,0.11197150595714514
HEART,NB,9,tuned,273,30,{'clf__var_smoothing': 1e-05},0.8666666666666667,0.8660714285714286,0.8571428571428571,0.9017857142857143,0.7321428571428571,0.11950875241601497
D130,LR,0,default,9000,1000,,0.628,0.6032018155132648,0.21518987341772153,0.6370576844805683,0.1207823853324868,0.07953699366213128
D130,LR,0,tuned,9000,1000,{'clf__C': 0.01},0.621,0.6044290136780177,0.2153209109730849,0.6370453508306713,0.12170850858918644,0.0793572940700897
D130,LR,1,default,9000,1000,,0.621,0.6551203147547454,0.24652087475149106,0.6877243182575019,0.17935103456798707,0.07877303763729447
D130,LR,1,tuned,9000,1000,{'clf__C': 0.01},0.621,0.6652585749700909,0.252465483234714,0.6887726784987482,0.19080886919923468,0.0786956166284789
D130,LR,2,default,9000,1000,,0.615,0.5909976689401695,0.20618556701030927,0.6276224423093526,0.10596157194989048,0.07964777948922987
D130,LR,2,tuned,9000,1000,{'clf__C': 0.01},0.62,0.5937419060422551,0.20833333333333334,0.6303975135361808,0.10940091193972958,0.07949176948197874
D130,LR,3,default,9000,1000,,0.631,0.5920024420024419,0.20985010706638116,0.6091330891330891,0.10865672302039259,0.08037890660090516
D130,LR,3,tuned,9000,1000,{'clf__C': 0.01},0.63,0.5914529914529914,0.2094017094017094,0.604957264957265,0.10795152210492845,0.0803480202723198
D130,LR,4,default,9000,1000,,0.645,0.5796703296703296,0.20224719101123595,0.6251648351648351,0.09529596822977295,0.07997017362195231
D130,LR,4,tuned,9000,1000,{'clf__C': 0.01},0.636,0.5847374847374848,0.2052401746724891,0.6290842490842492,0.10056921651327837,0.0798365202912031
D130,LR,5,default,9000,1000,,0.624,0.5981684981684982,0.21338912133891214,0.6393406593406594,0.11530616277117493,0.08119046590416142
D130,LR,5,tuned,9000,1000,{'clf__C': 0.01},0.62,0.595970695970696,0.21161825726141079,0.638949938949939,0.11251638428919378,0.08101027911305539
D130,LR,6,default,9000,1000,,0.611,0.586019536019536,0.20449897750511248,0.6374969474969475,0.1005414995630025,0.08009159279622942
D130,LR,6,tuned,9000,1000,{'clf__C': 0.01},0.616,0.5987789987789988,0.21311475409836064,0.6402197802197803,0.11550393623956938,0.08000964219994032
D130,LR,7,default,9000,1000,,0.614,0.5826617826617826,0.2024793388429752,0.6201465201465202,0.09682606676983205,0.08038141057505824
D130,LR,7,tuned,9000,1000,{'clf__C': 0.01},0.608,0.5843711843711844,0.2032520325203252,0.6213553113553113,0.09849234408169805,0.0803214730397514
D130,LR,8,default,9000,1000,,0.633,0.568070818070818,0.1934065934065934,0.6296703296703297,0.08092815167739666,0.08141240462531749
D130,LR,8,tuned,9000,1000,{'clf__C': 0.01},0.63,0.5664224664224664,0.19213973799126638,0.6312454212454213,0.07883235415450061,0.08124869511009578
D130,LR,9,default,9000,1000,,0.611,0.586019536019536,0.20449897750511248,0.6255555555555555,0.1005414995630025,0.08024969311109237
D130,LR,9,tuned,9000,1000,{'clf__C': 0.01},0.615,0.5932234432234432,0.20944558521560575,0.6283150183150183,0.10905439599436423,0.08020691112028987
D130,RF,0,default,9000,1000,,0.529,0.5894189617533516,0.200339558573854,0.6237373425917933,0.10184595997578301,0.0811249
D130,RF,0,tuned,9000,1000,"{'clf__max_depth': 5, 'clf__min_samples_leaf': 5, 'clf__n_estimators': 100}",0.558,0.6053355369454483,0.21071428571428572,0.6457652413078603,0.12017684859495095,0.07945510638593564
D130,RF,1,default,9000,1000,,0.532,0.5859963739069303,0.19863013698630136,0.6190813897556704,0.09795261581270609,0.0811397
D130,RF,1,tuned,9000,1000,"{'clf__max_depth': 5, 'clf__min_samples_leaf': 1, 'clf__n_estimators': 100}",0.58,0.6427558307329888,0.23357664233576642,0.6919300928723837,0.16314473687084644,0.07872748293020401
D130,RF,2,default,9000,1000,,0.53,0.5798295489584233,0.1952054794520548,0.5978675119328063,0.09092840528472429,0.08326159999999999
D130,RF,2,tuned,9000,1000,"{'clf__max_depth': 5, 'clf__min_samples_leaf': 1, 'clf__n_estimators': 300}",0.566,0.5742424055550759,0.19330855018587362,0.6231946619963245,0.08500358703175806,0.07989253763275829
D130,RF,3,default,9000,1000,,0.534,0.5587301587301587,0.1853146853146853,0.5495238095238095,0.06727360829332829,0.084781
D130,RF,3,tuned,9000,1000,"{'clf__max_depth': 5, 'clf__min_samples_leaf': 1, 'clf__n_estimators': 100}",0.58,0.563980463980464,0.1891891891891892,0.5852503052503052,0.07401153862812075,0.08090051131033632
D130,RF,4,default,9000,1000,,0.52,0.581074481074481,0.19732441471571907,0.6198229548229548,0.09282003260243267,0.0821411
D130,RF,4,tuned,9000,1000,"{'clf__max_depth': 5, 'clf__min_samples_leaf': 1, 'clf__n_estimators': 100}",0.602,0.6010989010989011,0.2134387351778656,0.6536019536019536,0.11739924195793387,0.08013894116086291
D130,RF,5,default,9000,1000,,0.53,0.5715506715506715,0.19243986254295534,0.5956105006105006,0.08191647455576136,0.08279220000000001
D130,RF,5,tuned,9000,1000,"{'clf__max_depth': 5, 'clf__min_samples_leaf': 5, 'clf__n_estimators': 100}",0.596,0.6028083028083029,0.2140077821011673,0.6462148962148961,0.11907099047968285,0.08036288383279608
D130,RF,6,default,9000,1000,,0.523,0.5576923076923077,0.18461538461538463,0.588034188034188,0.06604524705839446,0.08294489999999999
D130,RF,6,tuned,9000,1000,"{'clf__max_depth': 5, 'clf__min_samples_leaf': 1, 'clf__n_estimators': 300}",0.585,0.6067765567765568,0.21550094517958412,0.65004884004884,0.12314992958392444,0.08014197586070039
D130,RF,7,default,9000,1000,,0.533,0.5481684981684982,0.17926186291739896,0.5869963369963369,0.05518848013622877,0.08306770000000001
D130,RF,7,tuned,9000,1000,"{'clf__max_depth': 5, 'clf__min_samples_leaf': 1, 'clf__n_estimators': 100}",0.584,0.5862026862026862,0.20306513409961685,0.6171428571428571,0.09960398278837582,0.08058867677851282
D130,RF,8,default,9000,1000,,0.534,0.5336996336996337,0.1708185053380783,0.5563919413919414,0.038637513184220526,0.0855435
D130,RF,8,tuned,9000,1000,"{'clf__max_depth': 5, 'clf__min_samples_leaf': 1, 'clf__n_estimators': 300}",0.611,0.586019536019536,0.20449897750511248,0.6296703296703298,0.1005414995630025,0.08106417487520887
D130,RF,9,default,9000,1000,,0.524,0.5932844932844933,0.2040133779264214,0.6056166056166056,0.10679895317508818,0.0830154
D130,RF,9,tuned,9000,1000,"{'clf__max_depth': 5, 'clf__min_samples_leaf': 5, 'clf__n_estimators': 300}",0.575,0.6112942612942613,0.21731123388581952,0.6505128205128206,0.1279681682930477,0.08030969194137519
D130,XGB,0,default,9000,1000,,0.701,0.5722998556962962,0.19839142091152814,0.5992673811961173,0.0913073916874545,0.08383409678936005
D130,XGB,0,tuned,9000,1000,"{'clf__learning_rate': 0.03, 'clf__max_depth': 2, 'clf__n_estimators': 100}",0.588,0.5913861789119255,0.20463320463320464,0.6339742720063148,0.1051521134558568,0.07963230460882187
D130,XGB,1,default,9000,1000,,0.696,0.5746247487018833,0.2,0.6018574476744903,0.09356156056727678,0.08438611775636673
D130,XGB,1,tuned,9000,1000,"{'clf__learning_rate': 0.03, 'clf__max_depth': 2, 'clf__n_estimators': 100}",0.597,0.6622244970954254,0.2467289719626168,0.6950258389965343,0.18585673874355416,0.07865141332149506
D130,XGB,2,default,9000,1000,,0.691,0.5414657309537612,0.17158176943699732,0.5765487980858175,0.05236701652221461,0.08699928224086761
D130,XGB,2,tuned,9000,1000,"{'clf__learning_rate': 0.03, 'clf__max_depth': 2, 'clf__n_estimators': 100}",0.605,0.5855091947359983,0.20202020202020202,0.6268639228406863,0.09916096962487012,0.07992836087942123
D130,XGB,3,default,9000,1000,,0.664,0.515018315018315,0.15151515151515152,0.5373992673992674,0.01865317255402962,0.08879056572914124
D130,XGB,3,tuned,9000,1000,"{'clf__learning_rate': 0.03, 'clf__max_depth': 2, 'clf__n_estimators': 100}",0.588,0.5683760683760684,0.19215686274509805,0.5940964590964591,0.07929347112667368,0.08093012869358063
D130,XGB,4,default,9000,1000,,0.721,0.5713675213675213,0.20057306590257878,0.5708180708180708,0.09324242808161558,0.0896453931927681
D130,XGB,4,tuned,9000,1000,"{'clf__learning_rate': 0.03, 'clf__max_depth': 2, 'clf__n_estimators': 100}",0.617,0.5893162393162393,0.2070393374741201,0.6414163614163615,0.10466747672398727,0.08022966235876083
D130,XGB,5,default,9000,1000,,0.691,0.5699023199023199,0.1974025974025974,0.5806227106227106,0.0877319877498693,0.08502215892076492
D130,XGB,5,tuned,9000,1000,"{'clf__learning_rate': 0.03, 'clf__max_depth': 2, 'clf__n_estimators': 100}",0.615,0.6132478632478633,0.2222222222222222,0.647057387057387,0.13204317808075763,0.08023612201213837
D130,XGB,6,default,9000,1000,,0.711,0.5658730158730159,0.19498607242339833,0.5578632478632479,0.08502461328546992,0.08468383550643921
D130,XGB,6,tuned,9000,1000,"{'clf__learning_rate': 0.03, 'clf__max_depth': 2, 'clf__n_estimators': 100}",0.605,0.6177655677655678,0.22396856581532418,0.6451343101343101,0.13661399735928204,0.08005036413669586
D130,XGB,7,default,9000,1000,,0.684,0.531013431013431,0.164021164021164,0.5596092796092795,0.039199950688928314,0.08664049953222275
D130,XGB,7,tuned,9000,1000,"{'clf__learning_rate': 0.03, 'clf__max_depth': 2, 'clf__n_estimators': 100}",0.597,0.5733211233211233,0.19560878243512975,0.6138644688644688,0.08529478880380194,0.0807083398103714
D130,XGB,8,default,9000,1000,,0.684,0.531013431013431,0.164021164021164,0.532905982905983,0.039199950688928314,0.09043390303850174
D130,XGB,8,tuned,9000,1000,"{'clf__learning_rate': 0.03, 'clf__max_depth': 2, 'clf__n_estimators': 100}",0.638,0.5958485958485958,0.21304347826086956,0.6536935286935287,0.11362831453372357,0.08047952502965927
D130,XGB,9,default,9000,1000,,0.698,0.5587301587301587,0.1881720430107527,0.5677533577533578,0.0747044280177612,0.08727588504552841
D130,XGB,9,tuned,9000,1000,"{'clf__learning_rate': 0.03, 'clf__max_depth': 2, 'clf__n_estimators': 100}",0.617,0.6043345543345544,0.2167689161554192,0.6617277167277168,0.12194849024355661,0.07985581457614899
D130,SVM,0,default,9000,1000,,0.572,0.5167059287855055,0.15748031496062992,0.5350707334821594,0.01928233996281999,0.08074162118903257
D130,SVM,0,tuned,9000,1000,"{'clf__C': 1, 'clf__gamma': 0.1}",0.569,0.5302667768472724,0.16634429400386846,0.5388324967007486,0.03483617498186253,0.08097964329374639
D130,SVM,1,default,9000,1000,,0.589,0.5057598145019055,0.14906832298136646,0.5198510095092441,0.0067128703804358175,0.0809511847218677
D130,SVM,1,tuned,9000,1000,"{'clf__C': 0.1, 'clf__gamma': 0.1}",0.581,0.5368529458922779,0.1702970297029703,0.5668298819669705,0.04257976969769407,0.08062131428142316
D130,SVM,2,default,9000,1000,,0.596,0.5349473969831893,0.16872427983539096,0.5226507480358663,0.0406766437035917,0.08096926483623076
D130,SVM,2,tuned,9000,1000,"{'clf__C': 0.1, 'clf__gamma': 0.1}",0.593,0.5485082450449561,0.17777777777777778,0.5626117737021916,0.05625271794816301,0.08093584823333091
D130,SVM,3,default,9000,1000,,0.632,0.49743589743589745,0.14018691588785046,0.4919169719169719,-0.0031025586115326887,0.08204817117456202
D130,SVM,3,tuned,9000,1000,"{'clf__C': 1, 'clf__gamma': 'scale'}",0.632,0.49743589743589745,0.14018691588785046,0.4919169719169719,-0.0031025586115326887,0.08204817117456202
D130,SVM,4,default,9000,1000,,0.61,0.5354090354090354,0.1702127659574468,0.5731257631257631,0.04175403006813158,0.08162196213506717
D130,SVM,4,tuned,9000,1000,"{'clf__C': 0.1, 'clf__gamma': 0.1}",0.603,0.5716117216117216,0.1947261663286004,0.575921855921856,0.08356345204779933,0.08174776267352031
D130,SVM,5,default,9000,1000,,0.625,0.5786935286935286,0.20042643923240938,0.5822344322344323,0.09284222958685473,0.08138707787719167
D130,SVM,5,tuned,9000,1000,"{'clf__C': 1, 'clf__gamma': 0.1}",0.612,0.5765567765567765,0.19834710743801653,0.6021978021978022,0.08967495400987399,0.08135374592104741
D130,SVM,6,default,9000,1000,,0.599,0.5493894993894994,0.17995910020449898,0.5861416361416362,0.057727518201894264,0.08146371390300848
D130,SVM,6,tuned,9000,1000,"{'clf__C': 0.1, 'clf__gamma': 0.1}",0.59,0.5544566544566545,0.18326693227091634,0.5905738705738706,0.06332652140924033,0.0813689878718485
D130,SVM,7,default,9000,1000,,0.624,0.513064713064713,0.15315315315315314,0.541135531135531,0.015637017869315373,0.0816925041204156
D130,SVM,7,tuned,9000,1000,"{'clf__C': 1, 'clf__gamma': 0.1}",0.584,0.5411477411477411,0.1746031746031746,0.5652014652014652,0.04781552924159438,0.08160437806949239
D130,SVM,8,default,9000,1000,,0.644,0.509035409035409,0.14832535885167464,0.4783760683760684,0.011015347596055445,0.08233314256832244
D130,SVM,8,tuned,9000,1000,"{'clf__C': 0.1, 'clf__gamma': 0.1}",0.587,0.4827228327228328,0.13417190775681342,0.488058608058608,-0.020302932225364133,0.08257877888198227
D130,SVM,9,default,9000,1000,,0.632,0.5775335775335775,0.2,0.5739072039072038,0.09191589774384008,0.08140666806324146
D130,SVM,9,tuned,9000,1000,"{'clf__C': 1, 'clf__gamma': 0.1}",0.614,0.5726495726495726,0.19583333333333333,0.5733699633699634,0.08525263075772614,0.08131841151193198
D130,MLP,0,default,9000,1000,,0.794,0.5118218034262879,0.1271186440677966,0.4690857065331343,0.01901230348422441,0.15010882685340277
D130,MLP,0,tuned,9000,1000,"{'clf__alpha': 1.0, 'clf__hidden_layer_sizes': (32,)}",0.6,0.5929032178492581,0.20634920634920634,0.6303851798862837,0.10737741950972268,0.07928846496781611
D130,MLP,1,default,9000,1000,,0.803,0.5268996904253875,0.1471861471861472,0.5509441408996164,0.04388778404996977,0.136678328574759
D130,MLP,1,tuned,9000,1000,"{'clf__alpha': 1.0, 'clf__hidden_layer_sizes': (32,)}",0.601,0.6238668459157118,0.22524271844660193,0.6774997224928774,0.14265221544094497,0.078790471567178
D130,MLP,2,default,9000,1000,,0.8,0.5201840180564634,0.13793103448275862,0.5126604916192848,0.03283472503808636,0.13970229011183893
D130,MLP,2,tuned,9000,1000,"{'clf__alpha': 1.0, 'clf__hidden_layer_sizes': (32,)}",0.607,0.596745149792178,0.20925553319919518,0.6311992007794867,0.11210434716984023,0.07962184381827077
D130,MLP,3,default,9000,1000,,0.806,0.4879120879120879,0.08490566037735849,0.5405616605616606,-0.021139565960594225,0.14298158644889367
D130,MLP,3,tuned,9000,1000,"{'clf__alpha': 1.0, 'clf__hidden_layer_sizes': (32,)}",0.596,0.5727716727716727,0.1952191235059761,0.5991086691086691,0.08462467883387273,0.08107467811087167
D130,MLP,4,default,9000,1000,,0.811,0.4956654456654457,0.09569377990430622,0.4825274725274725,-0.007662226095889108,0.14243550592468818
D130,MLP,4,tuned,9000,1000,"{'clf__alpha': 1.0, 'clf__hidden_layer_sizes': (32,)}",0.629,0.610927960927961,0.2222222222222222,0.6301953601953602,0.13035486874023544,0.08077593343398579
D130,MLP,5,default,9000,1000,,0.806,0.5079365079365079,0.11818181818181818,0.5003174603174603,0.01350734830788513,0.13882444167858385
D130,MLP,5,tuned,9000,1000,"{'clf__alpha': 1.0, 'clf__hidden_layer_sizes': (32,)}",0.599,0.5994505494505494,0.21218074656188604,0.6180463980463982,0.11536765251335948,0.08079099825399316
D130,MLP,6,default,9000,1000,,0.805,0.5073870573870574,0.11764705882352941,0.508888888888889,0.012531350675367026,0.14452073665098486
D130,MLP,6,tuned,9000,1000,"{'clf__alpha': 1.0, 'clf__hidden_layer_sizes': (32,)}",0.609,0.604945054945055,0.21643286573146292,0.6386080586080587,0.12217392639896425,0.08022330622884359
D130,MLP,7,default,9000,1000,,0.81,0.5251526251526252,0.14414414414414414,0.5410378510378511,0.042531278407908525,0.1495530735848053
D130,MLP,7,tuned,9000,1000,"{'clf__alpha': 1.0, 'clf__hidden_layer_sizes': (32,)}",0.571,0.574053724053724,0.1951219512195122,0.6252991452991451,0.08532757226505068,0.08063496627296354
D130,MLP,8,default,9000,1000,,0.818,0.5095238095238095,0.11650485436893204,0.5235531135531135,0.017022663741204886,0.14024521980984178
D130,MLP,8,tuned,9000,1000,"{'clf__alpha': 1.0, 'clf__hidden_layer_sizes': (32,)}",0.598,0.5438339438339439,0.1762295081967213,0.6277899877899877,0.05125576404203387,0.08122083078068189
D130,MLP,9,default,9000,1000,,0.817,0.5189865689865689,0.13270142180094788,0.5641391941391941,0.033322019596240794,0.13803904560138205
D130,MLP,9,tuned,9000,1000,"{'clf__alpha': 1.0, 'clf__hidden_layer_sizes': (32,)}",0.584,0.5811965811965811,0.2,0.6287912087912089,0.09387242442723008,0.08043381953247762
D130,NB,0,default,9000,1000,,0.67,0.5857003663094019,0.20673076923076922,0.5948396008830894,0.10403643389465045,0.1255558995913824
D130,NB,0,tuned,9000,1000,{'clf__var_smoothing': 0.001},0.728,0.5871187360475585,0.2138728323699422,0.6119093723405568,0.11353631249058149,0.08949204980562109
D130,NB,1,default,9000,1000,,0.689,0.5707828167589635,0.19638242894056848,0.6166516607259586,0.08813234797110323,0.13192633335570947
D130,NB,1,tuned,9000,1000,{'clf__var_smoothing': 0.001},0.734,0.575204430247043,0.20359281437125748,0.6463819238027109,0.09957976449608752,0.0882193912603093
D130,NB,2,default,9000,1000,,0.697,0.5751735961223005,0.20052770448548812,0.6342579459539461,0.09434553259919809,0.12098042403964239
D130,NB,2,tuned,9000,1000,{'clf__var_smoothing': 0.001},0.732,0.5588993450831905,0.18787878787878787,0.5991070437474562,0.0784269352392507,0.0954334764590832
D130,NB,3,default,9000,1000,,0.678,0.5277167277167277,0.16145833333333334,0.544969474969475,0.03482073116990837,0.1514397678096357
D130,NB,3,tuned,9000,1000,{'clf__var_smoothing': 0.001},0.741,0.5322954822954823,0.16181229773462782,0.5743467643467643,0.04469574152060423,0.09826020019856828
D130,NB,4,default,9000,1000,,0.673,0.55,0.18045112781954886,0.5870146520146521,0.06193322388882788,0.12448618130325959
D130,NB,4,tuned,9000,1000,{'clf__var_smoothing': 0.001},0.744,0.558974358974359,0.189873417721519,0.6061904761904762,0.08070686459853543,0.08807051996539368
D130,NB,5,default,9000,1000,,0.712,0.5714285714285714,0.2,0.6012087912087912,0.09208748215971228,0.12992897985201865
D130,NB,5,tuned,9000,1000,{'clf__var_smoothing': 0.001},0.756,0.5705738705738705,0.20261437908496732,0.6174236874236875,0.09815919232988399,0.09602561867108747
D130,NB,6,default,9000,1000,,0.685,0.5816239316239317,0.20654911838790932,0.604059829059829,0.10128698677572995,0.11697073479712786
D130,NB,6,tuned,9000,1000,{'clf__var_smoothing': 0.001},0.762,0.5888888888888889,0.2222222222222222,0.6178266178266177,0.12363303116981929,0.0879028820382022
D130,NB,7,default,9000,1000,,0.705,0.5826007326007325,0.20911528150134048,0.5955799755799756,0.10495497997868028,0.13811945751324367
D130,NB,7,tuned,9000,1000,{'clf__var_smoothing': 0.001},0.764,0.58998778998779,0.2236842105263158,0.6158608058608059,0.12558488520641975,0.09087348751975056
D130,NB,8,default,9000,1000,,0.716,0.5335775335775336,0.16470588235294117,0.6064835164835165,0.04438335239571218,0.1281683885170129
D130,NB,8,tuned,9000,1000,{'clf__var_smoothing': 0.001},0.755,0.5449938949938951,0.1750841750841751,0.6363858363858363,0.06356290985143477,0.09237141422155605
D130,NB,9,default,9000,1000,,0.674,0.6056166056166057,0.22380952380952382,0.5859096459096459,0.12856115957727027,0.12715637709916716
D130,NB,9,tuned,9000,1000,{'clf__var_smoothing': 0.001},0.744,0.6040293040293041,0.23353293413173654,0.6334920634920636,0.13863466222722812,0.0910079869895776
