dataset,model,axis,level,n_units,tau_mean,tau_sd,tau_min,wtau_mean,wtau_sd,wtau_min,rbo_mean,rbo_sd,rbo_min,j5_mean,j5_sd,j5_min
BC,LR,seed,feature,30,1.0,0.0,1.0,1.0,0.0,1.0,1.0,0.0,1.0,1.0,0.0,1.0
BC,LR,seed,group,16,1.0,0.0,1.0,1.0,0.0,1.0,1.0,0.0,1.0,1.0,0.0,1.0
BC,LR,boot,feature,30,0.5010173074382349,0.0988569531469836,0.1862068965517241,0.5910567766030658,0.1232687058753104,0.1756960552920708,0.6012312777110601,0.1085564298729882,0.3479386301201843,0.3649607735814632,0.1834296557167118,0.0
BC,LR,boot,group,16,0.6066283524904215,0.1059670004532895,0.2333333333333333,0.7729408398046124,0.0772895201245829,0.4826824769411836,0.8677757968503262,0.0606748648274074,0.6840667090209609,0.731143951833607,0.1517163829363237,0.4285714285714285
BC,RF,seed,feature,30,0.8378861144140575,0.0309019903143694,0.7517241379310345,0.865564715811523,0.0369640635953037,0.7685335745871535,0.789573049172326,0.0660968218361671,0.667879410491986,1.0,0.0,1.0
BC,RF,seed,group,16,0.7880459770114943,0.0660116665745324,0.6,0.908921425666278,0.0282744589461365,0.8216833657629466,0.9625936260972956,0.0120643895097539,0.9216750082331484,0.977777777777778,0.0832436793715691,0.6666666666666666
BC,RF,boot,feature,30,0.8067380103051922,0.0367421810223381,0.7011494252873564,0.8832481053838992,0.0270017652852466,0.7961362368462821,0.8561170902285232,0.0571337955886909,0.700196348761384,0.8325123152709358,0.1777722691062433,0.4285714285714285
BC,RF,boot,group,16,0.7399233716475095,0.0721088544833697,0.5166666666666667,0.8755251536587306,0.0348808188593504,0.7632096466095559,0.939761736106749,0.0269631110850269,0.829988549489156,0.8398467432950191,0.1667310997156358,0.6666666666666666
BC,XGB,seed,feature,30,1.0,0.0,1.0,1.0,0.0,1.0,1.0,0.0,1.0,1.0,0.0,1.0
BC,XGB,seed,group,16,1.0,0.0,1.0,1.0,0.0,1.0,1.0,0.0,1.0,1.0,0.0,1.0
BC,XGB,boot,feature,30,0.5102823394335927,0.0903862236350936,0.253164724585094,0.646015172307138,0.107310448227146,0.2225116000151086,0.6523637912299379,0.0857012279417224,0.4254015352237836,0.5119594964422551,0.1813639370210998,0.25
BC,XGB,boot,group,16,0.6053692905950221,0.1175496852487407,0.2426799485391596,0.768086962744891,0.0700478565199864,0.509820681874127,0.8551363265263247,0.0571200894842378,0.6888520975435874,0.6960043787629995,0.1568870873926484,0.4285714285714285
PIMA,LR,seed,feature,8,1.0,0.0,1.0,1.0,0.0,1.0,1.0,0.0,1.0,1.0,0.0,1.0
PIMA,LR,seed,group,8,1.0,0.0,1.0,1.0,0.0,1.0,1.0,0.0,1.0,1.0,0.0,1.0
PIMA,LR,boot,feature,8,0.6926108374384237,0.140531800028228,0.2857142857142857,0.8212371443963268,0.0860983195679227,0.5755584756898817,0.9428132805911332,0.027877527519566,0.8562559857142857,0.6973180076628354,0.1704371478221107,0.4285714285714285
PIMA,LR,boot,group,8,0.6926108374384237,0.140531800028228,0.2857142857142857,0.8212371443963268,0.0860983195679227,0.5755584756898817,0.9428132805911332,0.027877527519566,0.8562559857142857,0.6973180076628354,0.1704371478221107,0.4285714285714285
PIMA,RF,seed,feature,8,0.9426929392446634,0.0481235523927795,0.8571428571428571,0.9549775703475462,0.0440620322443317,0.873850197109067,0.9803118896551726,0.0213950200568271,0.941878,0.828352490421456,0.1667840397484197,0.6666666666666666
PIMA,RF,seed,group,8,0.9426929392446634,0.0481235523927795,0.8571428571428571,0.9549775703475462,0.0440620322443317,0.873850197109067,0.9803118896551726,0.0213950200568271,0.941878,0.828352490421456,0.1667840397484197,0.6666666666666666
PIMA,RF,boot,feature,8,0.7944170771756979,0.1139510472244249,0.4285714285714285,0.8652954981741966,0.0739515305634233,0.6509605156122895,0.9495593711330048,0.0279423627167004,0.8832559857142857,0.8135741652983033,0.1895116691278673,0.4285714285714285
PIMA,RF,boot,group,8,0.7944170771756979,0.1139510472244249,0.4285714285714285,0.8652954981741966,0.0739515305634233,0.6509605156122895,0.9495593711330048,0.0279423627167004,0.8832559857142857,0.8135741652983033,0.1895116691278673,0.4285714285714285
PIMA,XGB,seed,feature,8,1.0,0.0,1.0,1.0,0.0,1.0,1.0,0.0,1.0,1.0,0.0,1.0
PIMA,XGB,seed,group,8,1.0,0.0,1.0,1.0,0.0,1.0,1.0,0.0,1.0,1.0,0.0,1.0
PIMA,XGB,boot,feature,8,0.754351395730706,0.1103127544404973,0.3571428571428571,0.8539110020735831,0.0705575904155848,0.5874475940178963,0.9497358030541873,0.0267425401376233,0.8693779857142857,0.7877394636015325,0.1604935857066039,0.6666666666666666
PIMA,XGB,boot,group,8,0.754351395730706,0.1103127544404973,0.3571428571428571,0.8539110020735831,0.0705575904155848,0.5874475940178963,0.9497358030541873,0.0267425401376233,0.8693779857142857,0.7877394636015325,0.1604935857066039,0.6666666666666666
HEART,LR,seed,feature,18,1.0,0.0,1.0,1.0,0.0,1.0,1.0,0.0,1.0,1.0,0.0,1.0
HEART,LR,seed,group,13,1.0,0.0,1.0,1.0,0.0,1.0,1.0,0.0,1.0,1.0,0.0,1.0
HEART,LR,boot,feature,18,0.5301930733979416,0.1133040496010919,0.1633986928104575,0.6474940351943023,0.102710217773512,0.3115131817360883,0.7449248574248573,0.0795974909295715,0.5718356140367122,0.5995894909688013,0.190169824008311,0.25
HEART,LR,boot,group,13,0.4836427939876214,0.1304408866921929,0.1025641025641025,0.5674891204209311,0.1577468794328968,0.0273908013981469,0.7614066930319772,0.0800942989040543,0.5857491850960033,0.5798303229337712,0.1770437318518577,0.25
HEART,RF,seed,feature,18,0.946660656599805,0.0226775359768257,0.8692810457516341,0.9438788084658414,0.0335175627448337,0.8318346472625807,0.9240015534613384,0.0553509675931498,0.7957841508877851,0.8490421455938696,0.1661157623597062,0.6666666666666666
HEART,RF,seed,group,13,0.9529030356616564,0.0341404988969394,0.8205128205128204,0.9608238535007,0.036506011963947,0.7860186173330321,0.9690207116683088,0.0378265788331955,0.8100822744642856,0.8490421455938696,0.1661157623597062,0.6666666666666666
HEART,RF,boot,feature,18,0.760198332206446,0.0627981483803081,0.5555555555555556,0.7730505555156122,0.0735421699591898,0.556917167047956,0.790446758792607,0.0665155183531983,0.6432092514620709,0.6684455391351944,0.1745443127286542,0.25
HEART,RF,boot,group,13,0.697966401414677,0.0983323946859244,0.3846153846153845,0.7311743402189177,0.1007130669741971,0.4212157055060546,0.825203047335696,0.0653818892981208,0.6697650799285715,0.7031472359058567,0.1856315874616409,0.25
HEART,XGB,seed,feature,18,1.0,0.0,1.0,1.0,0.0,1.0,1.0,0.0,1.0,1.0,0.0,1.0
HEART,XGB,seed,group,13,1.0,0.0,1.0,1.0,0.0,1.0,1.0,0.0,1.0,1.0,0.0,1.0
HEART,XGB,boot,feature,18,0.7299389994817519,0.0665165125654498,0.5133333333333334,0.7539283886784277,0.0766672576702242,0.4949858161214615,0.7847230971759799,0.0692883557784231,0.5875862065304718,0.5653256704980844,0.1694401900284701,0.25
HEART,XGB,boot,group,13,0.5895078101974651,0.1136347894855276,0.2564102564102563,0.6580981713685419,0.1112139286750504,0.2896910510506318,0.79606614515821,0.0675706015013889,0.6382286315742858,0.5717296113847838,0.1715090165976423,0.25
D130,LR,seed,feature,38,1.0,0.0,1.0,1.0,0.0,1.0,1.0,0.0,1.0,1.0,0.0,1.0
D130,LR,seed,group,20,1.0,0.0,1.0,1.0,0.0,1.0,1.0,0.0,1.0,1.0,0.0,1.0
D130,LR,boot,feature,38,0.4576805480616733,0.090020961529997,0.1436699857752489,0.6676544909674658,0.0780579081551147,0.4040669763154548,0.7164006006780956,0.0693044597556503,0.5058172517795038,0.4556011676701332,0.1652256286074143,0.1111111111111111
D130,LR,boot,group,20,0.5280338777979432,0.1150699886476128,0.1684210526315789,0.6972127177278612,0.0898851414877028,0.3460246920955994,0.8044366840680308,0.0528359605949351,0.6413593150785496,0.5397099069512863,0.1716253831514267,0.25
D130,RF,seed,feature,38,0.945599319827995,0.0131925817713429,0.9089615931721196,0.9734614663906148,0.0081161725858565,0.9478952719992269,0.9735536723821828,0.0146143493406905,0.9397149884599596,0.8689655172413792,0.1630006253893647,0.6666666666666666
D130,RF,seed,group,20,0.9478523895946764,0.0210106327360381,0.8842105263157894,0.9714230198178948,0.0139212476048843,0.9308529906840916,0.9790942266589416,0.0135834256176809,0.9356635998184728,0.8283524904214559,0.1667840397484197,0.6666666666666666
D130,RF,boot,feature,38,0.8064649041055575,0.0292866293441584,0.7297297297297297,0.8959701659832675,0.0187473291347818,0.8312700453324102,0.8900147491900939,0.0331869667753918,0.7635536417359643,0.6958128078817735,0.1722488958190636,0.25
D130,RF,boot,group,20,0.7987900786448882,0.0508910677906566,0.6105263157894737,0.873865232862989,0.0358454819076655,0.7302360350071908,0.9019170469939748,0.0343193073564531,0.7915315872583425,0.7349753694581281,0.1611906886415927,0.4285714285714285
D130,XGB,seed,feature,38,1.0,0.0,1.0,1.0,0.0,1.0,1.0,0.0,1.0,1.0,0.0,1.0
D130,XGB,seed,group,20,1.0,0.0,1.0,1.0,0.0,1.0,1.0,0.0,1.0,1.0,0.0,1.0
D130,XGB,boot,feature,38,0.7907555468354017,0.0345022937457745,0.678520625889047,0.8846233378642302,0.0227455260138473,0.7977900362948067,0.8717305320741321,0.0532096955053664,0.7378947964854851,0.8099616858237547,0.1652098343418299,0.6666666666666666
D130,XGB,boot,group,20,0.822625529340593,0.0469373963808626,0.6631578947368422,0.8775577249705764,0.036777237870795,0.770852405062769,0.8825689875136823,0.0531661004035652,0.7461975057834296,0.8132457580733443,0.179275439512231,0.4285714285714285
