config,metric,dataset,a,b,mean_diff,t,p,P_b_better,P_rope,P_a_better,p_holm
default,AUC,BC,LR,RF,0.005837456194599011,1.1068666834531469,0.2970570774731318,0.007423152307382026,0.767569050241248,0.22500779745137,1.0
default,AUC,BC,LR,XGB,0.0018412011269153706,0.8048325011274216,0.44165822132562743,0.00029016859032336543,0.9966893856927749,0.0030204457169017603,1.0
default,AUC,BC,LR,SVM,0.0011784511784511675,0.6263515426182029,0.5466402006678102,0.00010841044285541827,0.9993244347228998,0.0005671548342449017,1.0
default,AUC,BC,LR,MLP,0.0019721019721019584,1.618018665037943,0.1401124874675177,2.067375633767499e-06,0.9999477145660919,5.021805827436875e-05,1.0
default,AUC,BC,LR,NB,0.012651515151515146,1.4701874110915503,0.17558414975725384,0.013598729618067443,0.368843311485226,0.6175579588967066,1.0
default,AUC,BC,RF,XGB,-0.003996255067683641,-1.0000246970598174,0.3434250785668158,0.08352540439883208,0.9131351227826254,0.003339472818542534,1.0
default,AUC,BC,RF,SVM,-0.004659005016147843,-1.1582980128004738,0.2765539856599274,0.10835067399015452,0.8889753015986527,0.0026740244111928034,1.0
default,AUC,BC,RF,MLP,-0.0038653542224970526,-0.8571802207088801,0.4135872962928641,0.10328934894927277,0.8901019028913187,0.006608748159408482,1.0
default,AUC,BC,RF,NB,0.006814058956916136,0.9807730157106053,0.3523321900289597,0.019262494018798357,0.6521093099184907,0.32862819606271093,1.0
default,AUC,BC,XGB,SVM,-0.000662749948464203,-1.281364603258349,0.23209333649960176,1.1132581894604433e-08,0.9999999854087878,3.4586303708230644e-09,1.0
default,AUC,BC,XGB,MLP,0.00013090084518658786,0.08283750305985238,0.9357938957228236,6.158637500138348e-05,0.999863474395073,7.493922992561033e-05,1.0
default,AUC,BC,XGB,NB,0.010810314024599777,1.4885813752342723,0.17077662484041647,0.009282807139870461,0.4474976135033927,0.5432195793567368,1.0
default,AUC,BC,SVM,MLP,0.0007936507936507908,0.6496411193158076,0.5321523112207062,4.9441299138226666e-06,0.9999773441528923,1.7711717193897522e-05,1.0
default,AUC,BC,SVM,NB,0.011473063973063979,1.5559707852883242,0.15413897690612277,0.008604193373780497,0.4144051250601646,0.5769906815660549,1.0
default,AUC,BC,MLP,NB,0.010679413179413188,1.3393868464906908,0.2132838472262542,0.014489906958051172,0.45247295523044506,0.5330371378115037,1.0
default,AUC,PIMA,LR,RF,0.013767806267806248,1.0132945729762735,0.33738446645937464,0.05696671674200634,0.3368594007829261,0.6061738824750675,1.0
default,AUC,PIMA,LR,XGB,0.03586039886039886,2.999724926635074,0.014963036569111993,0.001985856423180451,0.02731458013482002,0.9706995634419995,0.1795564388293439
default,AUC,PIMA,LR,SVM,0.012259259259259248,1.313902379681431,0.2213811595480099,0.020362571677116297,0.3866180840648805,0.5930193442580032,1.0
default,AUC,PIMA,LR,MLP,0.08983475783475786,5.4653631636080355,0.00039764611579520197,9.200862732943194e-05,0.00035548524694861694,0.999552506125722,0.005567045621132827
default,AUC,PIMA,LR,NB,0.023176638176638165,2.334176772932516,0.044442109177693916,0.004303681069808374,0.10412164102188937,0.8915746779083022,0.3555368734215513
default,AUC,PIMA,RF,XGB,0.022092592592592608,2.7078352854221777,0.024082707411405224,0.0017120326049847655,0.08436202935395343,0.9139259380410618,0.21674436670264702
default,AUC,PIMA,RF,SVM,-0.001508547008547001,-0.1451127948701417,0.8878196587642159,0.21738944813939187,0.634292320691434,0.1483182311691741,1.0
default,AUC,PIMA,RF,MLP,0.07606695156695162,4.773143140323487,0.0010109145399042584,0.00021516340115194016,0.0010292345931259828,0.9987556020057221,0.013141889018755359
default,AUC,PIMA,RF,NB,0.009408831908831915,0.5008502560514204,0.6284960525662939,0.1640695699792997,0.34814856036080627,0.48778186965989406,1.0
default,AUC,PIMA,XGB,SVM,-0.02360113960113961,-2.3236523559955358,0.045214632013943205,0.893472832404945,0.10199043592940278,0.004536731665652197,0.3555368734215513
default,AUC,PIMA,XGB,MLP,0.053974358974359,2.8735090721580905,0.018371321652461362,0.003884105297578397,0.0180214664631686,0.978094428239253,0.19039310605471102
default,AUC,PIMA,XGB,NB,-0.012683760683760693,-0.7262874291306465,0.48612089130775027,0.5594166570591337,0.32761184563239865,0.11297149730846769,1.0
default,AUC,PIMA,SVM,MLP,0.07757549857549861,6.2251339730227135,0.0001541501596147605,3.0496108337220316e-05,0.00017855986206349872,0.9997909440295992,0.002312252394221407
default,AUC,PIMA,SVM,NB,0.010917378917378918,0.6326093711879629,0.5427249026913773,0.12800569851345656,0.3513623745117955,0.5206319269747479,1.0
default,AUC,PIMA,MLP,NB,-0.0666581196581197,-2.91009887502958,0.01730846418679191,0.9823720657339913,0.013360859441459814,0.004267074824548913,0.19039310605471102
default,AUC,HEART,LR,RF,0.0003565368455074491,0.051494288491963094,0.9600564503633229,0.08318046050221661,0.8196231693595506,0.09719637013823273,1.0
default,AUC,HEART,LR,XGB,0.0330357142857143,1.5399186188666614,0.1579660408498993,0.037085159815197485,0.11681422926809237,0.8461006109167102,1.0
default,AUC,HEART,LR,SVM,0.009607304460245658,0.9100143207164987,0.3865373762739939,0.04716728301383603,0.4673599254648406,0.4854727915213234,1.0
default,AUC,HEART,LR,MLP,0.04828094699418228,2.4383234253495254,0.037467533076346,0.007938156685404821,0.03378941722226314,0.958272426092332,0.5245454630688441
default,AUC,HEART,LR,NB,0.02585245636716228,0.9547220381813679,0.3646565419353542,0.10765172561447343,0.1774008656987266,0.7149474086868,1.0
default,AUC,HEART,RF,XGB,0.032679177440206854,1.909357932897926,0.08855254708974623,0.016642738553883575,0.09083994931936246,0.892517312126754,1.0
default,AUC,HEART,RF,SVM,0.009250767614738208,0.7339609259835284,0.48165467446396426,0.07925374120411749,0.4439531021257041,0.47679315667017846,1.0
default,AUC,HEART,RF,MLP,0.04792441014867484,2.7568284984562528,0.022227153218310584,0.004230967005035331,0.023606391557508766,0.9721626414374559,0.33340729827465876
default,AUC,HEART,RF,NB,0.02549591952165483,0.8862957062123513,0.39852110487412074,0.12276957839126175,0.17761727335110422,0.699613148257634,1.0
default,AUC,HEART,XGB,SVM,-0.023428409825468642,-0.966887433675238,0.3588623478593725,0.7047505245714695,0.19611517612458929,0.09913429930394124,1.0
default,AUC,HEART,XGB,MLP,0.015245232708467981,1.086736541780803,0.3054002130514292,0.051726246257845936,0.30593526403514704,0.642338489707007,1.0
default,AUC,HEART,XGB,NB,-0.007183257918552022,-0.18109910437676563,0.8603024887999279,0.4722844583321133,0.19120922968617587,0.3365063119817108,1.0
default,AUC,HEART,SVM,MLP,0.038673642533936625,2.133472110931139,0.0616724047108532,0.012131979035443339,0.06073750817810575,0.9271305127864509,0.8017412612410917
default,AUC,HEART,SVM,NB,0.01624515190691662,0.6380720652007128,0.5393205398087441,0.16321878823147848,0.24202482662528768,0.5947563851432338,1.0
default,AUC,HEART,MLP,NB,-0.022428490627020004,-0.7256052082379268,0.48651923502314914,0.6524615519958761,0.18833835178507605,0.15920009621904788,1.0
default,AUC,D130,LR,RF,0.03962298002787525,3.702757606859331,0.004899597078176932,0.0006120079630769835,0.010295733279545694,0.9890922587573773,0.04859256745264172
default,AUC,D130,LR,XGB,0.0654266837627017,7.986511596910534,2.2435199376522437e-05,3.5424337558253857e-06,3.7539224800209325e-05,0.999958918341444,0.00033652799064783653
default,AUC,D130,LR,SVM,0.09345022836904827,4.761845506772825,0.001027014480929846,0.00025645655991169216,0.0008111772243907245,0.9989323662156976,0.012324173771158152
default,AUC,D130,LR,MLP,0.11451964014776828,7.0659892797508,5.881840577805091e-05,1.526473252563961e-05,4.387669372829528e-05,0.999940858573746,0.0008234576808927128
default,AUC,D130,LR,NB,0.03679372887664799,3.70809883144782,0.004859256745264172,0.0005476876849391128,0.011643338740584208,0.9878089735744767,0.04859256745264172
default,AUC,D130,RF,XGB,0.025803703734826454,5.056264311539598,0.0006845001388944371,3.107819122276384e-05,0.0063635674868545156,0.9936053543219228,0.008898501805627682
default,AUC,D130,RF,SVM,0.053827248341173015,3.6504680894407624,0.005313658867074914,0.0009544329713784048,0.0068676948784067715,0.9921778721502148,0.04859256745264172
default,AUC,D130,RF,MLP,0.07489666011989302,3.5560740001804465,0.006157021160692676,0.0014845391729321384,0.005071910010945979,0.9934435508161219,0.04859256745264172
default,AUC,D130,RF,NB,-0.0028292511512272634,-0.23016380832603747,0.8231107685884461,0.2869911574722647,0.55108091873592,0.16192792379181525,0.8377398655371249
default,AUC,D130,XGB,SVM,0.02802354460634656,1.6615473131039113,0.13096979485411184,0.02531652833168446,0.1312118668742389,0.8434716047940767,0.3929093845623355
default,AUC,D130,XGB,MLP,0.04909295638506657,2.486536415496216,0.03461818118044442,0.007563169464105863,0.03196403296344286,0.9604727975724513,0.1505407222272958
default,AUC,D130,XGB,NB,-0.02863295488605372,-2.571610505503228,0.03010814444545916,0.9357201939128806,0.06075397864753569,0.003525827439583669,0.1505407222272958
default,AUC,D130,SVM,MLP,0.021069411778720005,0.847146784779824,0.41886993276856244,0.12154795935230552,0.21184160056427637,0.6666104400834181,0.8377398655371249
default,AUC,D130,SVM,NB,-0.05665649949240028,-2.87921155877432,0.018201386210798712,0.9790806618761614,0.01690325761115749,0.004016080512681124,0.10920831726479227
default,AUC,D130,MLP,NB,-0.07772591127112029,-4.143110352407219,0.002509987267389898,0.9971706509779988,0.002250108009732548,0.000579241012268612,0.027609859941288877
default,MCC,BC,LR,RF,0.023234771111102413,1.0111575109399062,0.3383518415234911,0.04621781641092563,0.39932868245159125,0.5544535011374832,1.0
default,MCC,BC,LR,XGB,0.0068775736025285085,0.44681482233671543,0.6655669578852569,0.05728704695741668,0.7348116241355771,0.20790132890700616,1.0
default,MCC,BC,LR,SVM,0.017624655395475818,0.8920945391664723,0.3955672285524639,0.04455764439418965,0.5019954763539991,0.4534468792518113,1.0
default,MCC,BC,LR,MLP,-0.0035831000382131164,-0.24144099345595374,0.814624341624849,0.14854368138249488,0.7782986116220436,0.07315770699546155,1.0
default,MCC,BC,LR,NB,0.07123925685405612,2.1279201198335254,0.0622315073293198,0.01167474826803838,0.06835229947560273,0.9199729522563589,0.8090095952811573
default,MCC,BC,RF,XGB,-0.016357197508573906,-0.7578676378169865,0.46790915907504343,0.43481801083413435,0.5020837111636888,0.0630982780021768,1.0
default,MCC,BC,RF,SVM,-0.005610115715626596,-0.3888300826610946,0.7064408470527116,0.17220967972987428,0.7730505073822251,0.054739812887900655,1.0
default,MCC,BC,RF,MLP,-0.026817871149315532,-1.0003770060730324,0.34326366134829067,0.5975687522865221,0.3451690917796853,0.05726215593379262,1.0
default,MCC,BC,RF,NB,0.048004485742953705,2.390864044079932,0.040499980814850144,0.004007773849043646,0.09416324261440989,0.9018289835365465,0.566999731407902
default,MCC,BC,XGB,SVM,0.01074708179294731,0.434341940547165,0.674267164104356,0.12258833375375912,0.518933102668818,0.35847856357742286,1.0
default,MCC,BC,XGB,MLP,-0.010460673640741625,-0.5871157805216909,0.5715583717657603,0.3025815459545939,0.6367508374326045,0.06066761661280149,1.0
default,MCC,BC,XGB,NB,0.06436168325152761,1.8022676932567963,0.10501304160540594,0.021177998847999473,0.10148335953434451,0.8773386416176561,1.0
default,MCC,BC,SVM,MLP,-0.021207755433688934,-0.8533117586553508,0.4156185531083229,0.5188580098029364,0.41538499174752025,0.06575699844954337,1.0
default,MCC,BC,SVM,NB,0.053614601458580304,2.7328906486432842,0.023114929348110765,0.002262372937193141,0.0580453754614495,0.9396922516013574,0.3467239402216615
default,MCC,BC,MLP,NB,0.07482235689226924,2.0011922978898395,0.07640580151865743,0.01592281441679917,0.07228811499279608,0.9117890705904047,0.9168696182238891
default,MCC,PIMA,LR,RF,-0.005504376322441662,-0.13331429466243336,0.8968781089732524,0.36670656844487415,0.3574041980225075,0.27588923353261835,1.0
default,MCC,PIMA,LR,XGB,0.06879004114746183,1.6061742816889049,0.14269804310895773,0.03392098835582414,0.1079243455684128,0.8581546660757631,1.0
default,MCC,PIMA,LR,SVM,0.017349059503664704,0.7477684002056383,0.47368456693463246,0.07081737117976433,0.4734457875323404,0.4557368412878952,1.0
default,MCC,PIMA,LR,MLP,0.14518084041476584,3.4631789746651163,0.007124989710180987,0.0016945717798147388,0.005926040885248063,0.9923793873349372,0.09974985594253381
default,MCC,PIMA,LR,NB,0.05929076770209638,1.5985556892444444,0.1443837351867343,0.030539952278101634,0.12781156413238182,0.8416484835895166,1.0
default,MCC,PIMA,RF,XGB,0.0742944174699035,2.4580932050007123,0.036271934125668655,0.006137655299757761,0.046746136315335085,0.9471162083849072,0.4352632095080239
default,MCC,PIMA,RF,SVM,0.022853435826106366,0.5656944491938651,0.5854267137480654,0.15804395122124457,0.3145530405471568,0.5274030082315986,1.0
default,MCC,PIMA,RF,MLP,0.1506852167372075,2.6778850396160445,0.025293557884829468,0.007058795831821775,0.015527311370410968,0.9774138927977672,0.32881625250278307
default,MCC,PIMA,RF,NB,0.06479514402453805,1.4154195082517436,0.1906042380448786,0.04838812122828551,0.12812833472202056,0.8234835440496939,1.0
default,MCC,PIMA,XGB,SVM,-0.05144098164379714,-1.4753688460929875,0.17421806433490566,0.8048318332729938,0.15989241029209872,0.035275756434907504,1.0
default,MCC,PIMA,XGB,MLP,0.076390799267304,1.5649151724365011,0.15204250804119715,0.039776702181075936,0.09893012227855558,0.8612931755403684,1.0
default,MCC,PIMA,XGB,NB,-0.009499273445365452,-0.1613030577806206,0.8754176048976469,0.4311631936853899,0.2547394464499838,0.3140973598646263,1.0
default,MCC,PIMA,SVM,MLP,0.12783178091110114,3.8962140984767695,0.0036403347389239206,0.0007346675193230364,0.003961007284286722,0.9953043251963902,0.05460502108385881
default,MCC,PIMA,SVM,NB,0.04194170819843168,0.818130911111707,0.4344077964008128,0.12869982119988302,0.21054002415956208,0.6607601546405549,1.0
default,MCC,PIMA,MLP,NB,-0.08589007271266946,-1.47169902941622,0.1751846469667145,0.8561274005826532,0.09247769260456631,0.05139490681278044,1.0
default,MCC,HEART,LR,RF,-0.004010156746877841,-0.13232087577347496,0.8976415599309455,0.30407947789943873,0.4731019802982105,0.2228185418023508,1.0
default,MCC,HEART,LR,XGB,0.041209232559764816,0.7404362242509851,0.4779062981638458,0.14845736007271307,0.20661311477409927,0.6449295251531877,1.0
default,MCC,HEART,LR,SVM,0.014823352985052812,0.33744731918775706,0.7435165176421255,0.2226827385662287,0.3232338989215694,0.45408336251220194,1.0
default,MCC,HEART,LR,MLP,0.08607698715118565,1.3332213167820093,0.21521956015931099,0.06624884665355199,0.09861940368640831,0.8351317496600397,1.0
default,MCC,HEART,LR,NB,0.012984349417748542,0.22440016199811005,0.8274575677882979,0.2900479988854968,0.25718731467611217,0.452764686438391,1.0
default,MCC,HEART,RF,XGB,0.045219389306642654,0.9177579934265464,0.3826812873399902,0.10770680630624008,0.2016737789233657,0.6906194147703942,1.0
default,MCC,HEART,RF,SVM,0.018833509731930653,0.3863925024132974,0.7081822895781464,0.22158051291352027,0.28776760450358874,0.49065188258289105,1.0
default,MCC,HEART,RF,MLP,0.0900871438980635,1.3063185943046731,0.22384015554368253,0.07124660896077638,0.09522490442157239,0.8335284866176512,1.0
default,MCC,HEART,RF,NB,0.01699450616462638,0.293071043080451,0.7761128821203825,0.26835396419406826,0.2518833830751342,0.4797626527307976,1.0
default,MCC,HEART,XGB,SVM,-0.026385879574712008,-0.4179858996231832,0.6857537762020655,0.5394429900037143,0.22141177447112795,0.23914523552515773,1.0
default,MCC,HEART,XGB,MLP,0.04486775459142083,1.208291098281602,0.25772423755153123,0.0562476832359343,0.20231166421368518,0.7414406525503805,1.0
default,MCC,HEART,XGB,NB,-0.028224883142016276,-0.4211900166959359,0.6834967232676439,0.5478125595782237,0.20860504168169444,0.24358239874008183,1.0
default,MCC,HEART,SVM,MLP,0.07125363416613284,0.8978248626940231,0.3926635337428767,0.13841341256333448,0.12749780001541833,0.7340887874212472,1.0
default,MCC,HEART,SVM,NB,-0.0018390035673042705,-0.027987550297228263,0.9782828571093639,0.39355171690202384,0.23365494292611322,0.37279334017186294,1.0
default,MCC,HEART,MLP,NB,-0.0730926377334371,-0.8862918171264887,0.3985230911614634,0.7334558231270105,0.12397783066102061,0.14256634621196887,1.0
default,MCC,D130,LR,RF,0.030478377336627116,2.681912399827509,0.02512721938292389,0.000809647623088073,0.1894723687463321,0.8097179836305798,0.17589053568046722
default,MCC,D130,LR,XGB,0.04291985636013902,3.2325750028677174,0.0102801606839855,0.0005302795239565135,0.058660051056349305,0.9408096694196941,0.0925214461558695
default,MCC,D130,LR,SVM,0.07297297269435322,3.338666396181202,0.00867856476389919,0.0010653991803588501,0.01812550192341489,0.9808090988962263,0.08848994148493715
default,MCC,D130,LR,MLP,0.09183433822005349,7.2574753069404405,4.7777048668358386e-05,4.951550097946266e-06,0.0001465734856073153,0.9998484749642947,0.0007166557300253758
default,MCC,D130,LR,NB,0.024964883303414575,1.5008844764430418,0.16762586402574897,0.012131489113122593,0.37392226188969924,0.6139462489971782,0.8381293201287449
default,MCC,D130,RF,XGB,0.01244147902351191,1.2665643586933157,0.23710696786891433,0.004595862429213462,0.7647388600495674,0.23066527752121915,0.8381293201287449
default,MCC,D130,RF,SVM,0.04249459535772611,2.787631143982282,0.02113550355104875,0.0013391046442404512,0.0857345895083238,0.9129263058474357,0.16908402840839
default,MCC,D130,RF,MLP,0.06135596088342639,4.789190456434779,0.0009885103994356137,6.641372363665402e-05,0.005110861688166435,0.9948227245881969,0.012850635192662978
default,MCC,D130,RF,NB,-0.005513494033212533,-0.45923699629447806,0.6569543451227062,0.129166637893678,0.8395748039724148,0.03125855813390722,0.8381293201287449
default,MCC,D130,XGB,SVM,0.030053116334214196,2.0264449759138077,0.07335451435064057,0.004095721508235326,0.2533552316666725,0.7425490468250922,0.44012708610384343
default,MCC,D130,XGB,MLP,0.04891448185991447,3.3864277359666834,0.008044540134994286,0.0005069315443996926,0.037658812934785235,0.961834255520815,0.08848994148493715
default,MCC,D130,XGB,NB,-0.017954973056724444,-1.35313990049449,0.20901903281893924,0.44045815014868545,0.5501577619603856,0.009384087890928936,0.8381293201287449
default,MCC,D130,SVM,MLP,0.018861365525700273,1.0725979934319243,0.31136832589134655,0.027224963612204604,0.4978812909214969,0.4748937454662985,0.8381293201287449
default,MCC,D130,SVM,NB,-0.04800808939093864,-3.5441472727264527,0.006273177457255725,0.9656886245282233,0.03395213736432497,0.00035923810745167755,0.0752781294870687
default,MCC,D130,MLP,NB,-0.06686945491663891,-6.90485304989186,7.028820285698533e-05,0.9995392828662709,0.00045633004054594346,4.387093183139297e-06,0.0009840348399977948
default,BRIER,BC,LR,RF,0.011441095667437739,2.542285587116902,0.031592088239945006,0.0026373776895175748,0.0903360349455945,0.907026587364888,0.34751297063939507
default,BRIER,BC,LR,XGB,0.0037324120927165307,0.9142645971888171,0.38441744621681445,0.03050429910572652,0.5879285642183503,0.3815671366759232,1.0
default,BRIER,BC,LR,SVM,0.0017510235148875408,0.7346095157921116,0.4812783786159787,0.009801475922995486,0.8873090111740337,0.10288951290297076,1.0
default,BRIER,BC,LR,MLP,0.0032306797881382033,0.621210401242208,0.5498690827400735,0.07388979319772315,0.555422954422769,0.37068725237950784,1.0
default,BRIER,BC,LR,NB,0.03707976493034583,2.7661394647303372,0.02189126064829669,0.005956805512470502,0.014177106380094284,0.9798660881074353,0.284586388427857
default,BRIER,BC,RF,XGB,-0.007708683574721209,-2.3827948150936202,0.04103925735327106,0.788056578084921,0.2102152916850649,0.0017281302300140747,0.3621807754176616
default,BRIER,BC,RF,SVM,-0.009690072152550199,-3.0866315412707377,0.012999984496402881,0.9154011936051376,0.0840240948214647,0.0005747115733976985,0.19499976744604322
default,BRIER,BC,RF,MLP,-0.008210415879299535,-1.1707436781164815,0.2717660315085149,0.6711008744434792,0.28284090846070986,0.046058217095810934,1.0
default,BRIER,BC,RF,NB,0.025638669262908094,2.4458434574800583,0.037008197292678235,0.008456150539501113,0.031723192708985715,0.9598206567515132,0.3621807754176616
default,BRIER,BC,XGB,SVM,-0.00198138857782899,-0.5198694613981195,0.6156982165890799,0.22424954490735943,0.7257170412777854,0.05003341381485529,1.0
default,BRIER,BC,XGB,MLP,-0.0005017323045783276,-0.07395239582716036,0.942665839245111,0.26186326848631786,0.5190865844001993,0.2190501471134829,1.0
default,BRIER,BC,XGB,NB,0.033347352837629296,2.7331365336520155,0.02310562981067107,0.005920486660437474,0.016654283889077415,0.9774252294504852,0.284586388427857
default,BRIER,BC,SVM,MLP,0.0014796562732506632,0.26361042473445484,0.7980164420377137,0.13891967720897586,0.5881183846596139,0.27296193813141034,1.0
default,BRIER,BC,SVM,NB,0.03532874141545829,2.9902755246255754,0.015194125202044875,0.003842821404968467,0.011291059957402871,0.9848661186376286,0.21271775282862826
default,BRIER,BC,MLP,NB,0.03384908514220763,2.45899895184685,0.03621807754176616,0.009963481219795083,0.022762714786142446,0.9672738039940625,0.3621807754176616
default,BRIER,PIMA,LR,RF,0.004434425134242555,0.6573604591857642,0.5274010285452578,0.0975683957180668,0.43494721554076854,0.4674843887411646,1.0
default,BRIER,PIMA,LR,XGB,0.04016818384063235,3.598913961210129,0.005758065045630523,0.0014425162394595089,0.004394872751766532,0.994162611008774,0.04606452036504419
default,BRIER,PIMA,LR,SVM,0.007093609453902946,1.79497224404428,0.10623242765975784,0.0067583722816668065,0.2976527876851164,0.6955888400332169,0.42492971063903134
default,BRIER,PIMA,LR,MLP,0.10439956231675826,7.105319945485788,5.634074965068548e-05,1.9434423922849844e-05,2.1445858832236375e-05,0.9999591197172449,0.0007887704951095967
default,BRIER,PIMA,LR,NB,0.027751258608117495,3.8238276247676586,0.004065992018484675,0.0007273413395533204,0.005262970224706565,0.9940096884357401,0.036593928166362075
default,BRIER,PIMA,RF,XGB,0.035733758706389805,4.954137805751705,0.0007868223983705535,0.00015647370766482566,0.0008926251577385802,0.9989509011345966,0.008655046382076089
default,BRIER,PIMA,RF,SVM,0.0026591843196603917,0.4804056073266229,0.6424006784001044,0.0997448267411365,0.5592179220606273,0.34103725119823625,1.0
default,BRIER,PIMA,RF,MLP,0.09996513718251569,8.442176304689939,1.436555898726705e-05,4.802646010729722e-06,5.981159162282701e-06,0.999989216194827,0.00021548338480900574
default,BRIER,PIMA,RF,NB,0.023316833473874938,2.2254951012748827,0.053085767521838266,0.012101703810451355,0.044956328404941015,0.9429419677846076,0.30052908221410285
default,BRIER,PIMA,XGB,SVM,-0.03307457438672941,-3.228291717772014,0.01035093739092541,0.9886199772940145,0.008991586673961976,0.0023884360320235065,0.07245656173647787
default,BRIER,PIMA,XGB,MLP,0.06423137847612588,5.760211132106126,0.0002727672311970675,7.817244512913954e-05,0.00016363704889776898,0.9997581905059731,0.00327320677436481
default,BRIER,PIMA,XGB,NB,-0.012416925232514859,-0.9011849514973362,0.3909679615938321,0.6984224719076559,0.1827621408802401,0.11881538721210397,1.0
default,BRIER,PIMA,SVM,MLP,0.09730595286285529,7.030834214777315,6.113410220480313e-05,2.0566323025449426e-05,2.5001125374291e-05,0.9999544325516002,0.0007947433286624408
default,BRIER,PIMA,SVM,NB,0.02065764915421455,2.26107908502114,0.05008818036901714,0.010180354035277367,0.05005220619724715,0.9397674397674755,0.30052908221410285
default,BRIER,PIMA,MLP,NB,-0.07664830370864076,-4.700128679232296,0.001119967460808745,0.999135892319133,0.0004999002058235103,0.0003642074750434664,0.01119967460808745
default,BRIER,HEART,LR,RF,0.0033728471625673905,0.36202862324040136,0.7256852390092878,0.19458089628551678,0.3732595427010508,0.43215956101343245,1.0
default,BRIER,HEART,LR,XGB,0.034525762257117336,1.9675695991923146,0.08065680139041134,0.024773883735108814,0.03748246775327657,0.9377436485116146,0.8065680139041134
default,BRIER,HEART,LR,SVM,0.01285587293273418,1.324126438363509,0.21810203760525987,0.04855720937656446,0.16960557562305623,0.7818372150003793,1.0
default,BRIER,HEART,LR,MLP,0.06263981137948364,2.679749253179549,0.02521642399172966,0.008610916667371318,0.008813431123222415,0.9825756522094062,0.32781351189248553
default,BRIER,HEART,LR,NB,0.031252306323012666,1.6676026041101488,0.1297417402455759,0.04165317844500317,0.054384171444934126,0.9039626501100627,1.0
default,BRIER,HEART,RF,XGB,0.031152915094549944,2.9892314770870243,0.015219881758117029,0.003402126201520365,0.012810992963435686,0.983786880835044,0.2130783446136384
default,BRIER,HEART,RF,SVM,0.009483025770166792,0.8006813000717641,0.44393807395917523,0.12474291384296192,0.23125235016570467,0.6440047359913335,1.0
default,BRIER,HEART,RF,MLP,0.059266964216916254,3.405267704044193,0.007807905524826372,0.0023946491706325237,0.003578677653255813,0.9940266731761117,0.11711858287239559
default,BRIER,HEART,RF,NB,0.02787945916044527,1.1176671680676786,0.2926549280136796,0.10859226216584247,0.08134945177364494,0.8100582860605126,1.0
default,BRIER,HEART,XGB,SVM,-0.021669889324383153,-1.380686794720091,0.20069447962064366,0.8436097021692105,0.09574305893596204,0.06064723889482747,1.0
default,BRIER,HEART,XGB,MLP,0.028114049122366314,2.415299221731005,0.038909429895038164,0.009328320185014307,0.029000669792501488,0.9616710100224842,0.4280037288454198
default,BRIER,HEART,XGB,NB,-0.003273455934104677,-0.10593398133717603,0.9179583009395501,0.4781855450643155,0.12502163328341243,0.39679282165227203,1.0
default,BRIER,HEART,SVM,MLP,0.049783938446749464,2.6036554062799873,0.0285664524247393,0.009022763337353603,0.012348934376006815,0.9786283022866396,0.3427974290968716
default,BRIER,HEART,SVM,NB,0.018396433390278476,0.8220426429346518,0.4322905121196283,0.15999822583312295,0.12080759130375385,0.7191941828631232,1.0
default,BRIER,HEART,MLP,NB,-0.03138750505647099,-0.9390824676706567,0.3722057818499126,0.7764137136766547,0.0728223745995179,0.15076391172382742,1.0
default,BRIER,D130,LR,RF,0.0028179541976628268,6.309743000327707,0.00013936270152180527,1.4650893200652244e-08,0.9995678120355709,0.0004321733135359169,0.0008361762091308317
default,BRIER,D130,LR,XGB,0.006607927972858899,7.051513164265993,5.976013456314416e-05,2.9362145858478297e-07,0.060160871539047145,0.9398388348394943,0.0004183209419420091
default,BRIER,D130,LR,SVM,0.0012982852565567888,5.440306257242322,0.0004108176515617012,3.888211779322959e-10,0.999999957473056,4.213812271886993e-08,0.0016432706062468048
default,BRIER,D130,LR,MLP,0.06214565972158085,28.796496087391862,3.5779459248590024e-10,8.971749646060988e-11,2.8782909389235556e-10,0.9999999996224535,5.366918887288504e-09
default,BRIER,D130,LR,NB,0.049310008585482776,11.219339180463924,1.3627298661069896e-06,2.998077329317828e-07,1.3720736217193163e-06,0.9999983281186453,1.4990028527176886e-05
default,BRIER,D130,RF,XGB,0.0037899737751960717,5.1122333642831865,0.0006345885178281006,4.2646597728470556e-07,0.9314617350948156,0.06853783843920713,0.0019037655534843018
default,BRIER,D130,RF,SVM,-0.001519668941106038,-3.301035210474504,0.00921468199058248,1.734049266467977e-05,0.9999825666772872,9.283004804006199e-08,0.01842936398116496
default,BRIER,D130,RF,MLP,0.05932770552391801,25.812430686749387,9.474806374677574e-10,2.3057798583058626e-10,8.048307575947433e-10,0.9999999989645912,1.2317248287080847e-08
default,BRIER,D130,RF,NB,0.046492054387819955,10.917388010456534,1.7155511298253758e-06,3.6086209252633164e-07,1.859733991804724e-06,0.9999977794039157,1.5439960168428383e-05
default,BRIER,D130,XGB,SVM,-0.0053096427163021095,-5.965646625286641,0.00021122935723403915,0.6320427932654993,0.3679566868343974,5.19900103321807e-07,0.0010561467861701958
default,BRIER,D130,XGB,MLP,0.05553773174872194,21.879387495396948,4.106368178550874e-09,9.56504054628551e-10,3.768281908733684e-09,0.999999995275214,4.927641814261048e-08
default,BRIER,D130,XGB,NB,0.042702080612623886,9.963242024893605,3.689585685774831e-06,7.290702811998334e-07,4.415581175698513e-06,0.9999948553485432,2.9516685486198647e-05
default,BRIER,D130,SVM,MLP,0.06084737446502404,28.424217016543427,4.01782526314568e-10,9.934678592232017e-11,3.3163050083828693e-10,0.9999999995690227,5.624955368403952e-09
default,BRIER,D130,SVM,NB,0.04801172332892599,11.056156757583475,1.5422406676272472e-06,3.32626067577715e-07,1.60472990828886e-06,0.9999980626440241,1.5422406676272474e-05
default,BRIER,D130,MLP,NB,-0.012835651136098058,-2.7115861617478427,0.023935255630519774,0.9338775938519414,0.06390688048431414,0.002215525663744496,0.023935255630519774
tuned,AUC,BC,LR,RF,0.004858104858104883,1.0333294634710413,0.3284167077185082,0.005756792703731477,0.8431115623746793,0.15113164492158912,1.0
tuned,AUC,BC,LR,XGB,0.0030162165876451595,1.0414231420593287,0.3248457344984433,0.0007482529965111512,0.9797095246929577,0.01954222231053119,1.0
tuned,AUC,BC,LR,SVM,-0.0009211159211159337,-0.9274979480657931,0.37787050931929217,3.7401218172847727e-06,0.9999954564127301,8.03465452632205e-07,1.0
tuned,AUC,BC,LR,MLP,0.0010606060606060841,1.1838959707124337,0.26677881886025634,3.006973530875667e-07,0.9999978856961832,1.8136064637069372e-06,1.0
tuned,AUC,BC,LR,NB,0.012658730158730157,1.3896687915032315,0.19804213735152218,0.017246572490670978,0.37119738347934605,0.611556044029983,1.0
tuned,AUC,BC,RF,XGB,-0.001841888270459724,-0.6578570049465137,0.5270962739714813,0.00858149981083446,0.9903179177368436,0.0011005824523219413,1.0
tuned,AUC,BC,RF,SVM,-0.005779220779220817,-1.021761337416015,0.3335723543593763,0.23717392841348864,0.7523195391011918,0.01050653248531958,1.0
tuned,AUC,BC,RF,MLP,-0.0037974987974987995,-0.7978966538956396,0.4454718230674578,0.11231719760847139,0.878892236643625,0.00879056574790356,1.0
tuned,AUC,BC,RF,NB,0.007800625300625275,1.304478020867397,0.22444039274306843,0.007746369764481892,0.6315584253781235,0.36069520485739476,1.0
tuned,AUC,BC,XGB,SVM,-0.003937332508761093,-1.085218490608746,0.3060367155858185,0.06444150735945889,0.9335855800856645,0.0019729125548766683,1.0
tuned,AUC,BC,XGB,MLP,-0.0019556105270390756,-0.6015270252915271,0.5623325009210143,0.017621079425561455,0.9798385098439752,0.0025404107304632883,1.0
tuned,AUC,BC,XGB,NB,0.009642513571084999,1.1753794320357633,0.2699997140658134,0.020094520424868884,0.49681722558199964,0.48308825399313143,1.0
tuned,AUC,BC,SVM,MLP,0.0019817219817220176,1.4036328917897927,0.19397832421004121,6.856276601570501e-06,0.9998426275628276,0.00015051616057086477,1.0
tuned,AUC,BC,SVM,NB,0.013579846079846091,1.36048044826449,0.20677251808429004,0.021177756623135095,0.3428213575281488,0.6360008858487161,1.0
tuned,AUC,BC,MLP,NB,0.011598124098124074,1.3051773715462296,0.22421216581471956,0.01893649825828863,0.41165841069300424,0.5694050910487072,1.0
tuned,AUC,PIMA,LR,RF,0.002897435897435885,0.24714351172159732,0.8103426493865383,0.1497444028286165,0.5706049174465543,0.27965067972482915,1.0
tuned,AUC,PIMA,LR,XGB,0.007179487179487154,0.4307496994821631,0.6767824501191388,0.16461238752512342,0.4007550505945328,0.43463256188034377,1.0
tuned,AUC,PIMA,LR,SVM,0.0009601139601139064,0.11308653399724528,0.912444268883355,0.11428684412923205,0.7285287773730231,0.1571843784977448,1.0
tuned,AUC,PIMA,LR,MLP,-0.0037606837606837585,-0.42767903004337937,0.6789358946988894,0.2478145560173327,0.6763030122332184,0.07588243174944886,1.0
tuned,AUC,PIMA,LR,NB,0.028931623931623907,3.311154348986211,0.00906721427414548,0.0007897411166455393,0.028346219359909886,0.9708640395234446,0.1360082141121822
tuned,AUC,PIMA,RF,XGB,0.004282051282051269,0.4523322027013527,0.6617351191267224,0.08268415554364567,0.6370871554124147,0.2802286890439396,1.0
tuned,AUC,PIMA,RF,SVM,-0.0019373219373219786,-0.22242915696248633,0.8289454848188508,0.18920466169445307,0.7090909686783581,0.10170436962718887,1.0
tuned,AUC,PIMA,RF,MLP,-0.0066581196581196435,-1.0157622637602772,0.33627002325203753,0.31108548761075416,0.6731446464334029,0.015769865955842934,1.0
tuned,AUC,PIMA,RF,NB,0.02603418803418802,1.7003026544454527,0.12328930995383695,0.021468925892108047,0.1395148454021734,0.8390162287057186,1.0
tuned,AUC,PIMA,XGB,SVM,-0.006219373219373247,-0.4502176803903998,0.6632024406663799,0.3951770631788844,0.4697523391290984,0.13507059769201715,1.0
tuned,AUC,PIMA,XGB,MLP,-0.010940170940170912,-0.9499044621202485,0.3669699537594066,0.5316612172778246,0.41725157905840166,0.05108720366377378,1.0
tuned,AUC,PIMA,XGB,NB,0.021752136752136754,1.0080232739039796,0.3397743806455312,0.08747911799632475,0.2120112366962159,0.7005096453074593,1.0
tuned,AUC,PIMA,SVM,MLP,-0.004720797720797665,-0.7165233180894911,0.4918417811311879,0.2216372371118243,0.7522723466660046,0.026090416222171127,1.0
tuned,AUC,PIMA,SVM,NB,0.02797150997151,2.046982464607828,0.07095929725187147,0.010684515005459786,0.09963999568119619,0.8896754893133441,0.9224708642743291
tuned,AUC,PIMA,MLP,NB,0.032692307692307666,2.3780866209369926,0.04135719105069129,0.006281013307285502,0.06019010584310269,0.9335288808496118,0.5790006747096781
tuned,AUC,HEART,LR,RF,-0.0008686166774401927,-0.08064064254987466,0.9374924982064268,0.20776992490006022,0.6241106282849791,0.16811944681496072,1.0
tuned,AUC,HEART,LR,XGB,0.016421905300581807,0.8521954149062256,0.4162060080793152,0.10039156859314724,0.2720741342224968,0.6275342971843559,1.0
tuned,AUC,HEART,LR,SVM,0.003838073691014898,0.6501442153736503,0.5318418797975701,0.021304188991598506,0.8183304634948388,0.16036534751356266,1.0
tuned,AUC,HEART,LR,MLP,0.02688065610859731,2.594889150297565,0.02898013903705092,0.002945710769463344,0.06470935688341883,0.9323449323471178,0.40572194651871285
tuned,AUC,HEART,LR,NB,0.012506060116354268,1.2171514293738341,0.254498068516871,0.02743727345398769,0.3783325637113777,0.5942301628346346,1.0
tuned,AUC,HEART,RF,XGB,0.017290521978022,1.4380947273863876,0.18425548764747499,0.024077997361795285,0.2542491606706698,0.7216728419675349,1.0
tuned,AUC,HEART,RF,SVM,0.004706690368455091,0.3592174713654422,0.727715874548511,0.14384570717313822,0.5092947734074388,0.34685951941942295,1.0
tuned,AUC,HEART,RF,MLP,0.027749272786037504,3.1431614010900426,0.011867466293911728,0.0009884589484774528,0.035832088782526306,0.9631794522689963,0.17801199440867593
tuned,AUC,HEART,RF,NB,0.01337467679379446,0.6888086923971626,0.5083093806478278,0.12819513835885163,0.30429213607986794,0.5675127255612804,1.0
tuned,AUC,HEART,XGB,SVM,-0.01258383160956691,-0.623787547428278,0.5482491334125241,0.5498821823080742,0.30568146067536717,0.1444363570165587,1.0
tuned,AUC,HEART,XGB,MLP,0.010458750808015504,0.7297125687227928,0.4841241091588836,0.09227162160432198,0.39522700731868476,0.5125013710769932,1.0
tuned,AUC,HEART,XGB,NB,-0.00391584518422754,-0.14165544556043222,0.8904723647006549,0.4147935706473689,0.27296824342986936,0.31223818592276176,1.0
tuned,AUC,HEART,SVM,MLP,0.023042582417582412,1.860104498552842,0.09579744640123718,0.012492959486672579,0.14589562027754455,0.8416114202357828,1.0
tuned,AUC,HEART,SVM,NB,0.008667986425339369,0.7184898027143792,0.49068619591863855,0.07684999819124,0.46618392552501353,0.4569660762837464,1.0
tuned,AUC,HEART,MLP,NB,-0.014374595992243045,-0.8504107508240586,0.4171463482140392,0.59984885200899,0.30989055547033134,0.0902605925206787,1.0
tuned,AUC,D130,LR,RF,-0.00429894716259861,-0.7006505203767441,0.5012318359931333,0.18852493477417542,0.7891186925257244,0.022356372700100182,1.0
tuned,AUC,D130,LR,XGB,-0.006251173884118266,-0.9880078209755604,0.34896492709980614,0.28404828435594837,0.7008212121333499,0.015130503510701688,1.0
tuned,AUC,D130,LR,SVM,0.07948278373821369,4.731568026576109,0.001071535868747001,0.00023832564009833792,0.0010295111082913033,0.9987321632516104,0.013929966293711012
tuned,AUC,D130,LR,MLP,0.004341959599510914,1.2856191924456706,0.23066850572099773,0.001076714591211272,0.934825406752786,0.06409787865600272,1.0
tuned,AUC,D130,LR,NB,0.01914179355756094,2.632996907501349,0.027224555816696874,0.0015353605099011753,0.1185798949397292,0.8798847445503696,0.217796446533575
tuned,AUC,D130,RF,XGB,-0.0019522267215196566,-0.38622594931606485,0.70830134308248,0.07290622509365217,0.9059534809362129,0.021140293970134904,1.0
tuned,AUC,D130,RF,SVM,0.08378173090081228,5.617171157107226,0.0003270117076779468,7.153660291043853e-05,0.0003258999812134622,0.999602563415876,0.0049051756151692015
tuned,AUC,D130,RF,MLP,0.008640906762109523,1.2716620301624275,0.2353700633327996,0.01136155291276991,0.5656806577975921,0.42295778928963795,1.0
tuned,AUC,D130,RF,NB,0.023440740720159548,2.8535412212020033,0.018979247321889006,0.001397969637380774,0.06671504166396536,0.9318869886986538,0.17081322589700104
tuned,AUC,D130,XGB,SVM,0.08573395762233195,4.82841406466107,0.0009359643779806256,0.00021889607139644475,0.0008285867883682796,0.9989525171402353,0.01310350129172876
tuned,AUC,D130,XGB,MLP,0.01059313348362918,1.4956629705856848,0.16895676695671732,0.00868978163169001,0.45885616728617173,0.5324540510821383,1.0
tuned,AUC,D130,XGB,NB,0.025392967441679203,4.2372122897196665,0.0021832503853065986,0.0001137058430575902,0.015015978806841357,0.984870315350101,0.024015754238372586
tuned,AUC,D130,SVM,MLP,-0.07514082413870277,-4.464806600084895,0.001566354117227489,0.9981073923299681,0.001551624679318553,0.0003409829907133009,0.01879624940672987
tuned,AUC,D130,SVM,NB,-0.06034099018065274,-3.396194138962382,0.007920951466964726,0.9901927334887817,0.008152695204329943,0.0016545713068883835,0.07920951466964726
tuned,AUC,D130,MLP,NB,0.014799833958050023,2.1849665906546782,0.056713622588393,0.0026124301205824253,0.2456388729537171,0.7517486969257005,0.396995358118751
tuned,MCC,BC,LR,RF,0.03406118839962504,1.5708078858613246,0.15067525319773512,0.01708625331419923,0.24925064800227636,0.7336630986835244,1.0
tuned,MCC,BC,LR,XGB,0.029368275009004862,1.6492358660154467,0.13349924856214174,0.010809360471369578,0.29486980006047536,0.694320839468155,1.0
tuned,MCC,BC,LR,SVM,0.010636313706833277,0.6553050199212891,0.5286636744441253,0.04577926530146997,0.6652414559557653,0.2889792787427647,1.0
tuned,MCC,BC,LR,MLP,0.0034245312685571407,0.27065846307545266,0.7927584673008066,0.048496605176421875,0.8402980110674174,0.11120538375616072,1.0
tuned,MCC,BC,LR,NB,0.08168611077243436,2.158250098087918,0.05923596121416452,0.01243780429600018,0.056261752750914384,0.9313004429530854,0.8885394182124678
tuned,MCC,BC,RF,XGB,-0.004692913390620179,-0.210706107456904,0.8378099398881885,0.254510786406509,0.5974489078638947,0.1480403057295962,1.0
tuned,MCC,BC,RF,SVM,-0.023424874692791763,-1.097703274464527,0.30083255902677386,0.5620123686334435,0.4018699977871104,0.03611763357944606,1.0
tuned,MCC,BC,RF,MLP,-0.0306366571310679,-1.3834608810076834,0.19987207754257952,0.678854771753188,0.2971708694321914,0.023974358814620605,1.0
tuned,MCC,BC,RF,NB,0.04762492237280932,2.030361307784232,0.07289186912289641,0.009022769936449324,0.1254192916740211,0.8655579383895295,0.9475942985976533
tuned,MCC,BC,XGB,SVM,-0.018731961302171585,-1.1421271400543347,0.28287551196143673,0.47001689016718734,0.5087793292290927,0.02120378060371993,1.0
tuned,MCC,BC,XGB,MLP,-0.025943743740447722,-1.3156694020416078,0.2208114839316974,0.6150864953830105,0.3625807380328101,0.022332766584179355,1.0
tuned,MCC,BC,XGB,NB,0.0523178357634295,1.2172697699788846,0.25445520292000295,0.06328655065894713,0.17225152312488468,0.7644619262161682,1.0
tuned,MCC,BC,SVM,MLP,-0.0072117824382761375,-0.6849036624972741,0.5106567506257037,0.1276169899878075,0.8576712797023374,0.014711730309855156,1.0
tuned,MCC,BC,SVM,NB,0.07104979706560108,1.8549420011636155,0.09658823218067347,0.020670818557308453,0.08689911879341938,0.8924300626492722,1.0
tuned,MCC,BC,MLP,NB,0.07826157950387722,2.137500751233285,0.06126975662872851,0.012497662181948437,0.06041839571526231,0.9270839421027892,0.8885394182124678
tuned,MCC,PIMA,LR,RF,-0.028863762625036628,-0.6610394841765366,0.5251455367449137,0.5782328827434259,0.2758980685767993,0.14586904867977477,1.0
tuned,MCC,PIMA,LR,XGB,-0.020711077908076563,-0.471865751216947,0.6482530199594049,0.5062909051442156,0.3049554714182215,0.1887536234375629,1.0
tuned,MCC,PIMA,LR,SVM,0.0016488011972849049,0.06567560401686241,0.9490718225704153,0.20527773075835085,0.553188238543159,0.24153403069849005,1.0
tuned,MCC,PIMA,LR,MLP,-0.021572226216948914,-0.5352201565526802,0.6054677470187529,0.5151436764769235,0.3204015560521192,0.1644547674709573,1.0
tuned,MCC,PIMA,LR,NB,0.07117970194408334,2.150011458519285,0.0600355289969423,0.011124708148827732,0.0669994141578496,0.9218758776933227,0.9005329349541344
tuned,MCC,PIMA,RF,XGB,0.008152684716960063,0.30351983567701235,0.7683931585036943,0.16078523732279643,0.5045476042307977,0.3346671584464059,1.0
tuned,MCC,PIMA,RF,SVM,0.03051256382232153,0.8915533624198424,0.39584224121119055,0.08688690185611916,0.29587868339767354,0.6172344147462073,1.0
tuned,MCC,PIMA,RF,MLP,0.007291536408087712,0.2359426777968642,0.8187588787524185,0.19990276835819729,0.45494470173078094,0.34515252991102174,1.0
tuned,MCC,PIMA,RF,NB,0.10004346456911999,1.9722422216072228,0.08005284402455623,0.021012213347837882,0.05336512046010333,0.9256226661920588,1.0
tuned,MCC,PIMA,XGB,SVM,0.02235987910536147,0.7125624571126763,0.4941745394695381,0.10484687713203679,0.3659795713694949,0.5291735514984683,1.0
tuned,MCC,PIMA,XGB,MLP,-0.0008611483088723504,-0.032230123255421815,0.9749919847577171,0.24582380749082464,0.5268505615408132,0.22732563096836214,1.0
tuned,MCC,PIMA,XGB,NB,0.09189077985215992,1.7317411723342395,0.1173638397330474,0.0320213870142961,0.07207072701668638,0.8959078859690175,1.0
tuned,MCC,PIMA,SVM,MLP,-0.02322102741423382,-0.6675201309937187,0.5211865888107055,0.5358995299716879,0.34153242327030975,0.12256804675800234,1.0
tuned,MCC,PIMA,SVM,NB,0.06953090074679844,1.508250633388405,0.16576400999558638,0.04191414480212893,0.11321056315556144,0.8448752920423096,1.0
tuned,MCC,PIMA,MLP,NB,0.09275192816103225,1.916577758280059,0.08753496752942708,0.02231424176753593,0.06104659557975678,0.9166391626527073,1.0
tuned,MCC,HEART,LR,RF,-0.007823055302439852,-0.24617843474981888,0.8110668061259535,0.35431206880670824,0.44518839742773686,0.20049953376555488,1.0
tuned,MCC,HEART,LR,XGB,0.01984487240617906,0.4073641243713133,0.6932594700026029,0.2157697568600491,0.28547422770033193,0.498756015439619,1.0
tuned,MCC,HEART,LR,SVM,0.007967091720559982,0.33243278735458415,0.7471744081708027,0.13510541549648972,0.5522072968509313,0.3126872876525791,1.0
tuned,MCC,HEART,LR,MLP,0.045342908009452745,0.686917066774223,0.509445634076611,0.1725017289589949,0.1815435617044161,0.6459547093365889,1.0
tuned,MCC,HEART,LR,NB,0.026609598996164885,1.3152338912365766,0.22095177501939872,0.02276806698556385,0.35211038220105717,0.625121550813379,1.0
tuned,MCC,HEART,RF,XGB,0.027667927708618912,0.9617115759566167,0.3613191893811489,0.06482303163410731,0.33242448621217335,0.6027524821537193,1.0
tuned,MCC,HEART,RF,SVM,0.015790147022999836,0.3941013054182961,0.70268118556548,0.1959581637823948,0.3450039224128419,0.4590379138047633,1.0
tuned,MCC,HEART,RF,MLP,0.053165963311892606,0.9717159343594824,0.3565815173752253,0.10556817757099274,0.172821208214736,0.7216106142142713,1.0
tuned,MCC,HEART,RF,NB,0.03443265429860474,0.8666980716774718,0.40861906094590544,0.10054408690324386,0.2609620645317925,0.6384938485649636,1.0
tuned,MCC,HEART,XGB,SVM,-0.011877780685619076,-0.19631182534380398,0.8487272889721768,0.4477348627020807,0.24793687665516045,0.3043282606427588,1.0
tuned,MCC,HEART,XGB,MLP,0.02549803560327369,0.5349543547589449,0.6056441286694995,0.18082856170449912,0.27422173644181214,0.5449497018536887,1.0
tuned,MCC,HEART,XGB,NB,0.006764726589985825,0.13293407406053487,0.8971702985759642,0.3046329609177363,0.29569859037846546,0.39966844870379825,1.0
tuned,MCC,HEART,SVM,MLP,0.03737581628889276,0.5082640622929366,0.6234914364635012,0.22616987650873893,0.18247927842858513,0.5913508450626759,1.0
tuned,MCC,HEART,SVM,NB,0.018642507275604903,0.5855274571789088,0.5725803480725732,0.1263943301437936,0.3902560669246632,0.4833496029315433,1.0
tuned,MCC,HEART,MLP,NB,-0.018733309013287864,-0.30829177530370155,0.7648764706930905,0.49185717700729054,0.23961939958351613,0.2685234234091933,1.0
tuned,MCC,D130,LR,RF,0.0014767919314039994,0.1583506395535452,0.8776766451083862,0.02338948976331693,0.9374715771839169,0.03913893305276618,1.0
tuned,MCC,D130,LR,XGB,-0.0018821095590380436,-0.20526271959550596,0.8419343094429184,0.03978924581997116,0.939814076010199,0.02039667816982989,1.0
tuned,MCC,D130,LR,SVM,0.06649421838486264,3.334026144113511,0.00874287898180822,0.0009430924793862013,0.02138565947270632,0.9776712480479075,0.09617166879989042
tuned,MCC,D130,LR,MLP,0.009972757376442919,1.0064957714185039,0.34046929833043926,0.0071814188840613,0.8238322611375232,0.1689863199784155,1.0
tuned,MCC,D130,LR,NB,0.017831814397583818,1.0339811548195905,0.3281280762657099,0.02795667759395883,0.5206857550188627,0.45135756738717847,1.0
tuned,MCC,D130,RF,XGB,-0.003358901490442043,-0.5196745146569807,0.615828711172717,0.014979495932563322,0.9822083887324325,0.0028121153350041906,1.0
tuned,MCC,D130,RF,SVM,0.06501742645345862,4.044426804997754,0.002909180965683134,0.00025070293765087535,0.010100179399966547,0.9896491176623826,0.040728533519563875
tuned,MCC,D130,RF,MLP,0.00849596544503892,0.8102740373724624,0.43868165073987403,0.011848307822074381,0.8376225918649409,0.1505291003129847,1.0
tuned,MCC,D130,RF,NB,0.01635502246617982,1.3504892132826236,0.209835334172365,0.007454496127151437,0.6074111932229738,0.38513431064987486,1.0
tuned,MCC,D130,XGB,SVM,0.06837632794390068,3.568737049748205,0.006036159502814402,0.0006338136745184631,0.01561969975924904,0.9837464865662325,0.07847007353658723
tuned,MCC,D130,XGB,MLP,0.011854866935480962,0.9610237102946683,0.36164663060998825,0.014791454882202387,0.7224066806869764,0.2628018644308212,1.0
tuned,MCC,D130,XGB,NB,0.01971392395662186,1.1975162063215616,0.26169226221268993,0.019547108348939662,0.48719563027552226,0.49325726137553805,1.0
tuned,MCC,D130,SVM,MLP,-0.05652146100841972,-4.392110413065386,0.001740207317149898,0.9902662520685411,0.009625578566221451,0.0001081693652374189,0.02610310975724847
tuned,MCC,D130,SVM,NB,-0.04866240398727882,-3.511534002786961,0.006602684098405293,0.9657243602305084,0.03388256228543333,0.0003930774840582247,0.07923220918086352
tuned,MCC,D130,MLP,NB,0.007859057021140899,0.49975219435919666,0.6292390044153588,0.05511929864260136,0.7149381168213814,0.22994258453601724,1.0
tuned,BRIER,BC,LR,RF,0.00940557562469126,1.84692607959424,0.09782822668180462,0.009857908690839053,0.19475132677759832,0.7953907645315627,0.6847975867726324
tuned,BRIER,BC,LR,XGB,0.004664486010913011,1.140960548200775,0.2833359678245132,0.021119802651073025,0.5107023474297732,0.46817784991915373,1.0
tuned,BRIER,BC,LR,SVM,-0.00462558340891797,-2.303861515756929,0.0467033417590149,0.4280634719604937,0.5714474039741052,0.0004891240654011109,0.5604401011081788
tuned,BRIER,BC,LR,MLP,0.0011723891765754596,0.33695523036148906,0.7438751769264913,0.05482672089635406,0.7953671547856349,0.14980612431801094,1.0
tuned,BRIER,BC,LR,NB,0.036508191881531524,2.2116562889777915,0.054298318202996625,0.016496352900010506,0.027752965190182888,0.9557506819098066,0.5604401011081788
tuned,BRIER,BC,RF,XGB,-0.00474108961377825,-1.3917948624329228,0.1974187341722668,0.47052351825301325,0.5201025759317217,0.00937390581526505,1.0
tuned,BRIER,BC,RF,SVM,-0.014031159033609228,-3.2366968911094025,0.010212524976462974,0.9666049015192464,0.032525296245404935,0.0008698022353486823,0.1531878746469446
tuned,BRIER,BC,RF,MLP,-0.008233186448115801,-1.4836519533226435,0.17205354606673254,0.7128737495350604,0.26671068803640247,0.020415562428537093,1.0
tuned,BRIER,BC,RF,NB,0.02710261625684026,2.1520493623777788,0.05983677915781848,0.01558770394420861,0.040904171622253016,0.9435081244335384,0.5604401011081788
tuned,BRIER,BC,XGB,SVM,-0.009290069419830982,-2.9067685735664153,0.01740254526112632,0.8939232341900082,0.10530336223215328,0.0007734035778385296,0.24363563365576849
tuned,BRIER,BC,XGB,MLP,-0.003492096834337552,-0.6914198300048648,0.5067434997083397,0.3859711270107481,0.5506228684122011,0.06340600457705085,1.0
tuned,BRIER,BC,XGB,NB,0.03184370587061851,2.172226026481808,0.057903172013432265,0.01653031242724015,0.033550931438706244,0.9499187561340536,0.5604401011081788
tuned,BRIER,BC,SVM,MLP,0.005797972585493428,1.4824004264169046,0.17237907248886639,0.011016419866632696,0.4103813175965728,0.5786022625367945,1.0
tuned,BRIER,BC,SVM,NB,0.04113377529044949,2.532401446485407,0.03210860674854789,0.009674930117974668,0.01685823378055107,0.9734668361014742,0.41741188773112253
tuned,BRIER,BC,MLP,NB,0.035335802704956065,2.251806030181618,0.05085298170841051,0.015050470329078644,0.0275003065009104,0.9574492231700109,0.5604401011081788
tuned,BRIER,PIMA,LR,RF,0.002122115468193561,0.46596708392294894,0.6523103449641688,0.07600657462835628,0.6525648224233052,0.27142860294833854,1.0
tuned,BRIER,PIMA,LR,XGB,0.0011333050410074097,0.15473185714232712,0.8804471477523411,0.21185589102448965,0.48311901610467745,0.3050250928708329,1.0
tuned,BRIER,PIMA,LR,SVM,0.0018639977122160284,0.580423364729968,0.5758713616929527,0.030561163903093453,0.7924489252920657,0.17698991080484078,1.0
tuned,BRIER,PIMA,LR,MLP,-0.002496340552526441,-0.5781404486951257,0.5773467271068017,0.287982961935621,0.6538577978115071,0.058159240252871856,1.0
tuned,BRIER,PIMA,LR,NB,0.0311189653458686,4.449393651286648,0.0016015990180895268,0.00029428085862997605,0.002027994001551958,0.9976777251398181,0.024023985271342904
tuned,BRIER,PIMA,RF,XGB,-0.0009888104271861514,-0.22087513360735522,0.830119129888487,0.19662120845839412,0.6966398479787487,0.1067389435628572,1.0
tuned,BRIER,PIMA,RF,SVM,-0.0002581177559775327,-0.07316974588210978,0.9432714075544063,0.10573223903403821,0.8092781415011242,0.08498961946483759,1.0
tuned,BRIER,PIMA,RF,MLP,-0.004618456020720002,-2.2653375830090092,0.049740746370628586,0.4277942833025891,0.5716622524883423,0.0005434642090684787,0.49740746370628586
tuned,BRIER,PIMA,RF,NB,0.028996849877675035,3.015666547061454,0.014581333452386117,0.003165195457336653,0.01383342250942321,0.9830013820332402,0.1749760014286334
tuned,BRIER,PIMA,XGB,SVM,0.0007306926712086187,0.11983690167092861,0.907244820179019,0.18574020456448034,0.563664196809416,0.2505955986261036,1.0
tuned,BRIER,PIMA,XGB,MLP,-0.0036296455935338505,-0.7568302612221798,0.4685002829618647,0.3906926418461575,0.556676039325763,0.05263131882807945,1.0
tuned,BRIER,PIMA,XGB,NB,0.02998566030486119,2.6557566949699805,0.026227559418311907,0.006351446206741854,0.020667460972458862,0.9729810928207993,0.288503153601431
tuned,BRIER,PIMA,SVM,MLP,-0.004360338264742469,-1.4448967192829645,0.18238712468509508,0.4183668108254049,0.5753141222608146,0.006319066913780628,1.0
tuned,BRIER,PIMA,SVM,NB,0.029254967633652568,3.65017472669481,0.005316083108740617,0.0010290763331573202,0.006110164894135517,0.9928607587727072,0.06910908041362802
tuned,BRIER,PIMA,MLP,NB,0.033615305898395044,3.9066291229802865,0.0035830801279398737,0.0007540377488284373,0.0036589563002563663,0.9955870059509152,0.050163121791158234
tuned,BRIER,HEART,LR,RF,-0.008977287798210307,-1.4196242165949413,0.18941289296893402,0.7288200070957145,0.2446251198484765,0.02655487305580899,1.0
tuned,BRIER,HEART,LR,XGB,-0.004960943809031816,-0.526424405359312,0.6113187560521739,0.4983809789877753,0.34412560228397093,0.1574934187282537,1.0
tuned,BRIER,HEART,LR,SVM,-0.010219010981134407,-0.9899825389763933,0.3480500206642337,0.6885063022918432,0.22555327539377262,0.0859404223143842,1.0
tuned,BRIER,HEART,LR,MLP,0.004288136804155064,0.36546531095396373,0.7232058221527095,0.2229987633443065,0.30068585766854505,0.4763153789871485,1.0
tuned,BRIER,HEART,LR,NB,0.012132615492878045,0.5641408045805062,0.5864396630225063,0.2216045274043935,0.15145084894503147,0.626944623650575,1.0
tuned,BRIER,HEART,RF,XGB,0.00401634398917849,0.7452900332585412,0.4751088669778164,0.06319444238910969,0.5076692699735808,0.42913628763730965,1.0
tuned,BRIER,HEART,RF,SVM,-0.0012417231829241003,-0.10317213550036491,0.920088715980964,0.3802008702610483,0.3127000513387864,0.30709907840016526,1.0
tuned,BRIER,HEART,RF,MLP,0.013265424602365372,1.701719846483956,0.12301640915566965,0.021337469002956258,0.13544119483710226,0.8432213361599414,1.0
tuned,BRIER,HEART,RF,NB,0.02110990329108835,0.8624023085130095,0.4108562321661919,0.15541453501425703,0.10668698114002861,0.7378984838457143,1.0
tuned,BRIER,HEART,XGB,SVM,-0.00525806717210259,-0.3681294042689672,0.7212861406661697,0.5070578565011741,0.24893225217081952,0.2440098913280064,1.0
tuned,BRIER,HEART,XGB,MLP,0.00924908061318688,1.0445769641175744,0.323462302898911,0.06982788434542632,0.2504438177894175,0.6797282978651562,1.0
tuned,BRIER,HEART,XGB,NB,0.01709355930190986,0.6504233332917213,0.531669698770991,0.20964530745333673,0.1174376009611805,0.6729170915854827,1.0
tuned,BRIER,HEART,SVM,MLP,0.01450714778528947,1.037427939503245,0.32660471984758194,0.09687842276350071,0.15858371210365207,0.7445378651328473,1.0
tuned,BRIER,HEART,SVM,NB,0.02235162647401245,1.6502422530712226,0.1332908298501683,0.036289261173781714,0.07835940012216158,0.8853513387040567,1.0
tuned,BRIER,HEART,MLP,NB,0.007844478688722982,0.3133245035258796,0.7611737540089476,0.3089786732945705,0.14674470028512832,0.5442766264203012,1.0
tuned,BRIER,D130,LR,RF,0.00010557613814872885,0.6862278329263394,0.50986002786016,5.0449130189602514e-11,0.9999999998759855,7.356532756165381e-11,1.0
tuned,BRIER,D130,LR,XGB,1.758140998903007e-05,0.0769745219054976,0.9403278655034917,1.9811548752653896e-09,0.9999999959104812,2.1083639434407526e-09,1.0
tuned,BRIER,D130,LR,SVM,0.0014030820585682197,6.648188367088501,9.393312477624821e-05,1.1232310268731222e-10,0.9999999813668915,1.8520785361761874e-08,0.0008453981229862339
tuned,BRIER,D130,LR,MLP,0.00023290916398788637,1.422427817082091,0.18862211120838723,7.062704415477197e-11,0.9999999997671171,1.6225582542775495e-10,1.0
tuned,BRIER,D130,LR,NB,0.011713080580194627,7.509306856054089,3.656874383148623e-05,1.004190079861113e-06,0.0009888138000734292,0.9990101820098467,0.0004719586887734631
tuned,BRIER,D130,RF,XGB,-8.799472815969878e-05,-0.7700051123695769,0.46102901068509905,4.983618424023944e-12,0.9999999999913811,3.635297660129758e-12,1.0
tuned,BRIER,D130,RF,SVM,0.0012975059204194909,8.929669166327981,9.103561736506371e-06,4.626972573179204e-12,0.9999999994640026,5.313704160940776e-10,0.00013655342604759556
tuned,BRIER,D130,RF,MLP,0.0001273330258391575,1.0636571882177044,0.31518872479232457,5.144889240240999e-12,0.9999999999867348,8.12024257122521e-12,1.0
tuned,BRIER,D130,RF,NB,0.0116075044420459,7.4705164261376025,3.808933644101362e-05,1.0251789726976154e-06,0.0010661964680144242,0.9989327783530129,0.0004719586887734631
tuned,BRIER,D130,XGB,SVM,0.0013855006485791895,7.628719929671674,3.229024873680489e-05,3.0101837617902844e-11,0.9999999952288059,4.741092300147994e-09,0.0004520634823152685
tuned,BRIER,D130,XGB,MLP,0.0002153277539988563,1.2265172165677034,0.2511237556405152,1.3555484340203777e-10,0.9999999995722936,2.9215165724955826e-10,1.0
tuned,BRIER,D130,XGB,NB,0.011695499170205598,7.516227368748892,3.6304514521035624e-05,9.926862055716849e-07,0.0009900693463875676,0.9990089379674069,0.0004719586887734631
tuned,BRIER,D130,SVM,MLP,-0.0011701728945803333,-6.61678792536821,9.737752662858005e-05,2.2484175219600083e-09,0.9999999977193345,3.22479429422144e-11,0.0008453981229862339
tuned,BRIER,D130,SVM,NB,0.010309998521626408,6.308264819747232,0.00013960737376816893,3.0733688738341764e-06,0.005003855035288662,0.9949930715958375,0.0009772516163771825
tuned,BRIER,D130,MLP,NB,0.011480171416206742,7.291493024877024,4.6064034262371035e-05,1.2218982722878783e-06,0.0013059101342587365,0.9986928679674689,0.0004719586887734631
