metric,dataset,a,b,mean_diff,t,p,P_b_better,P_rope,P_a_better,p_holm
AUC,BC,LR,RF,0.004481412767127064,1.0723856106853773,0.28880017468869523,0.0005505510387998523,0.9032415825492541,0.09620786641194601,1.0
AUC,BC,LR,XGB,0.0013542224970796467,0.5636436399543904,0.5755672895653133,9.709214825562067e-06,0.9996215894689198,0.00036870131625460874,1.0
AUC,BC,LR,SVM,-0.0008457362743077112,-0.5457177861418365,0.5877358757962994,1.599948978774509e-07,0.9999998367361894,3.2689127237712775e-09,1.0
AUC,BC,LR,MLP,0.0011335807050092627,0.8925357375343623,0.3764682852576608,6.432297687376891e-12,0.99999999651727,3.476297720296263e-09,1.0
AUC,BC,LR,NB,0.007494021851164705,1.8225067027463733,0.07448317165693236,4.6506111979349436e-05,0.7275951285474702,0.2723583653405505,1.0
AUC,BC,RF,XGB,-0.0031271902700474173,-1.2464143001895722,0.21853825418109687,0.004255709976272065,0.9957425792598893,1.7107638385450893e-06,1.0
AUC,BC,RF,SVM,-0.0053271490414347755,-1.4434430111238696,0.15525892388926177,0.10553636850812692,0.894398988120485,6.464337138798923e-05,1.0
AUC,BC,RF,MLP,-0.0033478320621178016,-0.8321216818142624,0.40937745795596053,0.052178695731944426,0.946969844364305,0.0008514599037505913,1.0
AUC,BC,RF,NB,0.003012609084037641,0.8595459166578621,0.3942252316464654,0.00025991466423151677,0.9739450440919731,0.02579504124379538,1.0
AUC,BC,XGB,SVM,-0.002199958771387358,-1.1050507273112027,0.27453423628629414,0.00013697807306382753,0.9998629489979998,7.292893640539537e-08,1.0
AUC,BC,XGB,MLP,-0.00022064179207038404,-0.08835487643522973,0.9299547494138098,0.0001378050939817327,0.999783701246908,7.849365911029302e-05,1.0
AUC,BC,XGB,NB,0.006139799354085058,1.783531511127712,0.08069377345488682,1.101444147825993e-05,0.8663795639048962,0.13360942165362552,1.0
AUC,BC,SVM,MLP,0.001979316979316974,1.0767282708359345,0.28687443606879437,1.825589224739848e-08,0.9999674147101743,3.2567033933490886e-05,1.0
AUC,BC,SVM,NB,0.008339758125472416,2.4379249285708955,0.01844537138170542,1.0918120552161303e-06,0.6853380477651925,0.3146608604227524,0.2766805707255813
AUC,BC,MLP,NB,0.0063604411461554424,1.4623779615447576,0.1500223252342419,0.0002234812737589724,0.7965850615638262,0.20319145716241482,1.0
AUC,PIMA,LR,RF,0.009827635327635342,0.9096529248134196,0.36745849137080294,0.036101121397915666,0.4702387800573019,0.49366009854478243,1.0
AUC,PIMA,LR,XGB,0.032015384615384626,2.1614428846863607,0.035574574091847465,0.0032756048358255413,0.06828553688521177,0.9284388582789627,0.33190808002976835
AUC,PIMA,LR,SVM,0.006442735042735042,0.8707054963437563,0.3881608495126106,0.01536271266923667,0.6684274478892538,0.31620983944150954,1.0
AUC,PIMA,LR,MLP,0.07094985754985755,4.233882071696131,0.00010060153000617123,6.759523288886462e-06,0.0003195324182767578,0.9996737080584344,0.0014084214200863973
AUC,PIMA,LR,NB,0.020969800569800592,2.527808726244132,0.014751960327103771,0.00024282028887379794,0.09558410816045315,0.9041730715506731,0.1622715635981415
AUC,PIMA,RF,XGB,0.022187749287749293,2.191605556265736,0.033190808002976836,0.0012651534678443023,0.11566788807544348,0.8830669584567122,0.33190808002976835
AUC,PIMA,RF,SVM,-0.0033849002849003005,-0.4199954835930879,0.6763247423788791,0.20758530018340107,0.7410484548813178,0.05136624493528123,1.0
AUC,PIMA,RF,MLP,0.06112222222222222,3.5407289182087136,0.0008860362083356187,7.153397473563592e-05,0.002260594351813916,0.9976678716734505,0.011518470708363043
AUC,PIMA,RF,NB,0.011142165242165245,0.9953471526673185,0.3244575149638284,0.0322735933531919,0.42725110144605116,0.5404753052007569,1.0
AUC,PIMA,XGB,SVM,-0.025572649572649594,-2.037895279148456,0.04697783829133305,0.8900193972664496,0.10668938174754815,0.0032912209860022183,0.3758227063306644
AUC,PIMA,XGB,MLP,0.03893447293447292,1.9985296231500338,0.0512234948819717,0.007618444779704012,0.0640866466851755,0.9282949085351205,0.3758227063306644
AUC,PIMA,XGB,NB,-0.011045584045584044,-0.7121628893121754,0.47974124138663665,0.5267694614997935,0.38297899198638435,0.0902515465138221,1.0
AUC,PIMA,SVM,MLP,0.06450712250712251,4.363221154414923,6.590078182021068e-05,3.305200001387141e-06,0.00027689204981362625,0.999719802750185,0.0009885117273031603
AUC,PIMA,SVM,NB,0.014527065527065546,1.4880312313997643,0.14315043351975978,0.007608666606693851,0.3146419226363162,0.6777494107569899,0.8589026011185588
AUC,PIMA,MLP,NB,-0.049980056980056975,-2.643282641728542,0.010995487182439138,0.9803197895964797,0.018388722106811986,0.0012914882967083182,0.13194584618926966
AUC,HEART,LR,RF,0.008129040077569477,0.6267155730901737,0.5337548586431727,0.0820126716721556,0.4756516709645709,0.44233565736327346,1.0
AUC,HEART,LR,XGB,0.03164552359405301,2.426326628602435,0.01897834982366249,0.0011139238170475175,0.048782287923293643,0.9501037882596588,0.2656968975312749
AUC,HEART,LR,SVM,0.020146452811893995,1.7569961739032938,0.08516560443838139,0.0052979152641079615,0.18242058347186252,0.8122815012640295,0.9368216488221953
AUC,HEART,LR,MLP,0.0430845992243051,2.5031705358136325,0.01569108070103611,0.0015244442290011095,0.02736027932227969,0.9711152764487192,0.23536621051554166
AUC,HEART,LR,NB,0.032185277957336764,1.684406460744222,0.09846350575534511,0.015120452470599965,0.10798332040653547,0.8768962271228645,0.9846350575534512
AUC,HEART,RF,XGB,0.023516483516483534,2.126336256175755,0.038537527922958795,0.0017754400011741013,0.10951033582263181,0.8887142241761941,0.46245033507550554
AUC,HEART,RF,SVM,0.01201741273432452,1.0232152184226158,0.31123130975559493,0.03200073469758635,0.39943333527722347,0.5685659300251902,1.0
AUC,HEART,RF,MLP,0.03495555914673562,2.274364092411122,0.027359013002851124,0.002386169820120844,0.0511802584987302,0.9464335716811489,0.35566716903706463
AUC,HEART,RF,NB,0.024056237879767284,1.4462083161715125,0.1544853552529826,0.02189218641262472,0.17668465489902552,0.8014231586883498,1.0
AUC,HEART,XGB,SVM,-0.011499070782159013,-0.7953433109552152,0.4302497965977852,0.541522429496488,0.38886572691641463,0.0696118435870974,1.0
AUC,HEART,XGB,MLP,0.011439075630252088,0.787748318318536,0.4346381586997017,0.07100161631940465,0.38930492572610065,0.5396934579544947,1.0
AUC,HEART,XGB,NB,0.0005397543632837509,0.02915618511370945,0.9768584553884723,0.2837913316392683,0.41231566341503345,0.30389300494569826,1.0
AUC,HEART,SVM,MLP,0.0229381464124111,1.580332973372718,0.12046499257716944,0.013061476596841265,0.17292402129983475,0.8140145021033239,1.0
AUC,HEART,SVM,NB,0.012038825145442765,0.7172313621801819,0.47663663532844697,0.09529071550642178,0.3560996548521671,0.5486096296414111,1.0
AUC,HEART,MLP,NB,-0.010899321266968338,-0.5580918811852903,0.5793228502932039,0.5184688782384455,0.33919984484347304,0.1423312769180815,1.0
AUC,D130,LR,RF,0.04157515143470695,3.6807774406577543,0.000578868384480978,1.6818425695331362e-05,0.0036734983094489637,0.9963096832648557,0.004630947075847824
AUC,D130,LR,XGB,0.06538246256485011,6.5154147507931155,3.7381890927906894e-08,5.36406203378167e-10,6.383282240562949e-07,0.9999993611353697,4.859645820627896e-07
AUC,D130,LR,SVM,0.091612059725406,7.059779869624946,5.360246570658388e-09,1.7370368595534548e-10,4.169265821474255e-08,0.9999999581336381,8.040369855987582e-08
AUC,D130,LR,MLP,0.10500026990363084,6.819114074889571,1.264792534751454e-08,6.256920816306323e-10,6.342676250881141e-08,0.9999999359475454,1.7707095486520355e-07
AUC,D130,LR,NB,0.041181726691709566,6.324500445526033,7.383032192947459e-08,1.5632671004598415e-10,7.950113551036253e-06,0.9999920497301222,8.859638631536951e-07
AUC,D130,RF,XGB,0.023807311130143175,2.4390675631490306,0.018393601199974956,0.0005582260190680992,0.08120163621939269,0.9182401377615392,0.09196800599987479
AUC,D130,RF,SVM,0.050036908290699046,3.903119369528632,0.0002900538974041268,1.1357704047441666e-05,0.0014897454929493348,0.9984988968030032,0.002610485076637141
AUC,D130,RF,MLP,0.06342511846892389,4.44770222523947,4.9868473200595316e-05,2.3161870984243173e-06,0.0002341268002685748,0.999763557012633,0.0005485532052065485
AUC,D130,RF,NB,-0.0003934247429973814,-0.03262251914828621,0.974108135566113,0.21477151032322012,0.5887350375836711,0.1964934520931088,0.974108135566113
AUC,D130,XGB,SVM,0.026229597160555868,2.149889540761739,0.036526771251054205,0.0023036944697178777,0.09249398619709459,0.9052023193331875,0.10958031375316261
AUC,D130,XGB,MLP,0.03961780733878071,3.0743159810566385,0.0034439105901041727,0.00017116961650785726,0.012753887139562936,0.9870749432439292,0.020663463540625038
AUC,D130,XGB,NB,-0.024200735873140564,-2.3462292016964184,0.023053626126262695,0.912574952543918,0.08656182323049608,0.0008632242255859587,0.09221450450505078
AUC,D130,SVM,MLP,0.013388210178224853,0.9959082998202726,0.32418752479409846,0.044088185673288725,0.3569444923352345,0.5989673219914767,0.6483750495881969
AUC,D130,SVM,NB,-0.050430333033696415,-3.40930963348498,0.0013115705194098647,0.9956501764510577,0.004268552210890371,8.127133805193988e-05,0.009180993635869054
AUC,D130,MLP,NB,-0.06381854321192128,-4.131034248481772,0.00014034388717093025,0.9994743561021048,0.0005174083847015575,8.235513193665195e-06,0.0014034388717093025
MCC,BC,LR,RF,0.024185544139992982,1.2712638230285573,0.2096364679853527,0.012144942651757654,0.401175381514291,0.5866796758339513,1.0
MCC,BC,LR,XGB,0.01060368412515864,0.533235119462951,0.5962812958967212,0.0649649985090899,0.6158464528685833,0.3191885486223268,1.0
MCC,BC,LR,SVM,0.01036047049111266,0.641070195817358,0.5244642906201508,0.03301918522633766,0.690337639634694,0.2766431751389684,1.0
MCC,BC,LR,MLP,-0.00701397282160878,-0.6346806746621754,0.528589133990843,0.12262814119416926,0.8683410301227079,0.009030828683122907,1.0
MCC,BC,LR,NB,0.07139179735015916,3.167947248120772,0.0026432341128087085,8.849093997995465e-05,0.013335244338026464,0.9865762647219936,0.03700527757932192
MCC,BC,RF,XGB,-0.01358186001483434,-0.8806521287151103,0.3828052720728306,0.33943205411405625,0.6434934847112984,0.017074461174645266,1.0
MCC,BC,RF,SVM,-0.013825073648880321,-0.7105438605662494,0.48073534086635644,0.3760596007204925,0.5798619820560503,0.04407841722345715,1.0
MCC,BC,RF,MLP,-0.03119951696160176,-1.9606338586933285,0.05561940615130066,0.7577347251222812,0.2411269224801645,0.0011383523975542378,0.5561940615130067
MCC,BC,RF,NB,0.047206253210166166,2.031125250344831,0.04768551920918222,0.0028313527957050315,0.12068793371475817,0.8764807134895368,0.5245407113010044
MCC,BC,XGB,SVM,-0.0002432136340459823,-0.011556468715517722,0.9908264018693295,0.17603253107257882,0.65374656077707,0.1702209081503512,1.0
MCC,BC,XGB,MLP,-0.01761765694676742,-0.8980199830727866,0.3735664166626496,0.4518821806121901,0.5177124375398341,0.030405381847975758,1.0
MCC,BC,XGB,NB,0.060788113225000495,2.478865952682463,0.016670271548598632,0.0009111297035912976,0.05026987506617786,0.9488189952302308,0.2000432585831836
MCC,BC,SVM,MLP,-0.01737444331272144,-1.1297923739524356,0.2640640981405151,0.43251443533379563,0.5581350652465307,0.009350499419673749,1.0
MCC,BC,SVM,NB,0.061031326859046484,2.95519518662968,0.004792526452961968,0.00013457193945897762,0.026048384474356423,0.9738170435861846,0.062302843888505585
MCC,BC,MLP,NB,0.07840577017176792,3.3013222347522713,0.0018003690908363385,6.668095842017613e-05,0.008640537735121412,0.9912927813064584,0.027005536362545077
MCC,PIMA,LR,RF,-0.002885777528167436,-0.09294784315305137,0.9263239970343535,0.29176042609249075,0.47623147687397693,0.2320080970335323,1.0
MCC,PIMA,LR,XGB,0.049567739422218135,1.2917963417896265,0.2024876517094796,0.03780455116930458,0.18424839003374838,0.777947058796947,1.0
MCC,PIMA,LR,SVM,0.01728979737917107,0.6428254020191667,0.5233341762088238,0.08569083486022808,0.45428339443655963,0.46002577070321227,1.0
MCC,PIMA,LR,MLP,0.09544914742138488,2.1223764852667615,0.038884933861994514,0.006626850854950211,0.043062122793387725,0.9503110263516621,0.5443890740679231
MCC,PIMA,LR,NB,0.05297767007642777,1.8518607852449729,0.07007581264185793,0.006903241048987232,0.12011240490217223,0.8729843540488406,0.9109855643441531
MCC,PIMA,RF,XGB,0.05245351695038559,1.7898796253243698,0.07965359393780774,0.00840772596246803,0.12806241756480774,0.8635298564727242,0.9558431272536929
MCC,PIMA,RF,SVM,0.0201755749073385,0.7164045879593165,0.47714228619332344,0.07977112060906463,0.41775135227049076,0.5024775271204446,1.0
MCC,PIMA,RF,MLP,0.0983349249495523,2.2479223021733317,0.029114789258782525,0.004642299756611369,0.0349374005853641,0.9604202996580246,0.4367218388817379
MCC,PIMA,RF,NB,0.05586344760459522,1.6831015681296875,0.09871737956886378,0.013230388211166233,0.12907722161943558,0.8576923901693982,0.99588758826694
MCC,PIMA,XGB,SVM,-0.03227794204304708,-0.8721279802602274,0.3873920686177305,0.6294029899259848,0.2887906808966728,0.08180632917734244,1.0
MCC,PIMA,XGB,MLP,0.045881407999166735,1.0082482742809562,0.3182884050318693,0.07678081579224022,0.20904749233542153,0.7141716918723382,1.0
MCC,PIMA,XGB,NB,0.003409930654209633,0.08506101940999211,0.9325594824074295,0.28072326716769425,0.3790629263161712,0.34021380651613453,1.0
MCC,PIMA,SVM,MLP,0.07815935004221382,1.726626081068013,0.09053523529699455,0.01739750252631641,0.08478042495443372,0.8978220725192498,0.99588758826694
MCC,PIMA,SVM,NB,0.035687872697256706,1.2331219669656612,0.22341340068990204,0.029923695149504163,0.26496531011573377,0.705110994734762,1.0
MCC,PIMA,MLP,NB,-0.042471477344957105,-0.9776314603490034,0.3330588143922947,0.6965688305442337,0.22528488863758156,0.07814628081818477,1.0
MCC,HEART,LR,RF,0.02004669353236521,0.46831790046226235,0.641633900023751,0.17447302367491377,0.3250893191414068,0.5004376571836794,1.0
MCC,HEART,LR,XGB,0.06559074832562416,1.52151861635614,0.13455738107227122,0.025141710520260367,0.12000189682206208,0.8548563926576775,1.0
MCC,HEART,LR,SVM,0.004957420472102515,0.12990883830638406,0.8971703855494477,0.2558221690685831,0.3981686046184223,0.3460092263129946,1.0
MCC,HEART,LR,MLP,0.0974801697150612,1.9960228369882431,0.05150473541969096,0.009366306574599016,0.04823670512889533,0.9423969882965056,0.7210662958756734
MCC,HEART,LR,NB,0.03802588262303195,0.9445528811553363,0.34952161824544,0.07575035629054365,0.25066164230339494,0.6735880014060615,1.0
MCC,HEART,RF,XGB,0.04554405479325895,1.1398431412689056,0.2598929281495676,0.0518351113160772,0.20873724020350704,0.7394276484804158,1.0
MCC,HEART,RF,SVM,-0.015089273060262691,-0.4233527240959521,0.6738904131966464,0.4449029100314454,0.39282355920814355,0.162273530760411,1.0
MCC,HEART,RF,MLP,0.07743347618269598,1.976931077295698,0.053690698463351394,0.007625875842399775,0.06471649173453209,0.9276576324230681,0.7210662958756734
MCC,HEART,RF,NB,0.017979189090666748,0.41186182943361094,0.6822368761298229,0.1917244999636841,0.3268417773343412,0.48143372270197465,1.0
MCC,HEART,XGB,SVM,-0.06063332785352164,-1.5055913876813527,0.13859174822390413,0.8436104163612537,0.1321656549366742,0.02422392870207212,1.0
MCC,HEART,XGB,MLP,0.031889421389437046,0.8017574024500824,0.42656448790681595,0.09669276436223442,0.2852103771238832,0.6180968585138824,1.0
MCC,HEART,XGB,NB,-0.027564865702592204,-0.5920696493379854,0.556526170774872,0.5648946609209691,0.28170575366185135,0.15339958541717957,1.0
MCC,HEART,SVM,MLP,0.0925227492429587,2.6614090811754694,0.010492570829629106,0.0009806971678128172,0.019070645028634425,0.9799486578035528,0.1573885624444366
MCC,HEART,SVM,NB,0.033068462150929435,0.7842854801547058,0.4366477882250669,0.1046396805554797,0.2730490519100577,0.6223112675344626,1.0
MCC,HEART,MLP,NB,-0.059454287092029254,-1.2764443628321316,0.20781522358563936,0.8019847699311908,0.15253927928814198,0.045475950780667185,1.0
MCC,D130,LR,RF,0.037289842218222645,2.5345439340850526,0.014504278622403706,0.00014928592501092135,0.12265376707049347,0.8771969470044956,0.10152995035682594
MCC,D130,LR,XGB,0.0576386329512827,4.407457379439828,5.696395239434569e-05,1.464087265399156e-07,0.0029560855880549353,0.9970437680032185,0.000740531381126494
MCC,D130,LR,SVM,0.0786287572654983,5.046475173120331,6.594885994143348e-06,3.6186614843730916e-08,0.0002247032681521599,0.999775260545233,9.232840391800687e-05
MCC,D130,LR,MLP,0.08819761287152364,5.493534561085564,1.3965152460191515e-06,8.408908848988703e-09,4.806468071982817e-05,0.9999519269103713,2.0947728690287274e-05
MCC,D130,LR,NB,0.038796753823539636,3.4321239189926187,0.0012258760255755867,1.931846580235671e-06,0.05136255348683638,0.9486355146665834,0.01471051230690704
MCC,D130,RF,XGB,0.020348790733060052,1.6238160835706505,0.11083162212471509,0.0011394404831070095,0.48781467782149146,0.5110458816954015,0.5541581106235755
MCC,D130,RF,SVM,0.041338915047275666,3.0354900534748737,0.0038385197980392092,2.068061793936003e-05,0.061766002713278145,0.9382133166687825,0.03838519798039209
MCC,D130,RF,MLP,0.050907770653300995,3.269030369134011,0.0019772598937840336,1.75517042180151e-05,0.026376290223845134,0.9736061580719368,0.02174985883162437
MCC,D130,RF,NB,0.0015069116053169859,0.11053307770937455,0.9124381109114709,0.06055218575148319,0.8488661448863548,0.09058166936216197,1.0
MCC,D130,XGB,SVM,0.02099012431421561,1.4303346262504446,0.15896718315139824,0.0037124468802132477,0.4695285034493386,0.5267590496704482,0.5541581106235755
MCC,D130,XGB,MLP,0.030558979920240953,1.952351061966295,0.05662224387530952,0.0011061587640600508,0.2504467083375208,0.7484471328984191,0.33973346325185716
MCC,D130,XGB,NB,-0.018841879127743072,-1.5457344621325302,0.12860344609968874,0.4623475939359886,0.5363988375193779,0.0012535685446334007,0.5541581106235755
MCC,D130,SVM,MLP,0.009568855606025337,0.6709467402659517,0.5054050169228718,0.021711631486328355,0.7442817684714111,0.23400660004226048,1.0
MCC,D130,SVM,NB,-0.03983200344195868,-2.7492246384978594,0.008341832309231538,0.9113500373305655,0.08857947360906603,7.048906036844837e-05,0.0667346584738523
MCC,D130,MLP,NB,-0.049400859047984025,-3.019953146294194,0.004007985990782804,0.9607757229952701,0.03917538054858978,4.8896456140074484e-05,0.03838519798039209
BAL,BC,LR,RF,0.010378066378066361,1.1569912417507031,0.2528852509178732,0.013700531935390938,0.46956145789125525,0.5167380101733539,1.0
BAL,BC,LR,XGB,0.00638239538239537,0.6456415727570397,0.5215236398428295,0.051791528914317674,0.5903341135700562,0.35787435751562613,1.0
BAL,BC,LR,SVM,0.003597402597402599,0.45216745917781376,0.653143777337049,0.04674852976654814,0.7410188356025641,0.21223263463088773,1.0
BAL,BC,LR,MLP,-0.0009199134199134184,-0.17702118120015536,0.8602214503058835,0.043298449204092315,0.9363930254775197,0.020308525318388043,1.0
BAL,BC,LR,NB,0.04132611832611833,3.2964570979416505,0.0018260254517229574,7.816073925394427e-05,0.007812873623008976,0.9921089656377371,0.025564356324121403
BAL,BC,RF,XGB,-0.0039956709956709925,-0.5338052605483938,0.5958897179621665,0.21297866488556597,0.7533820219762631,0.033639313138170944,1.0
BAL,BC,RF,SVM,-0.006780663780663763,-0.7356034718893133,0.4654787322125827,0.36409084963143434,0.5986257563767045,0.037283393991861154,1.0
BAL,BC,RF,MLP,-0.011297979797979781,-1.4408857187682194,0.15597699779512664,0.5654526219720192,0.43002551715832,0.0045218608696608155,1.0
BAL,BC,RF,NB,0.03094805194805196,2.519238067089654,0.015072692349872923,0.0008135323064164591,0.046297591899883805,0.9528888757936997,0.16579961584860214
BAL,BC,XGB,SVM,-0.0027849927849927705,-0.2651478070655907,0.7920078863445323,0.24751093846514632,0.6380010655654442,0.11448799596940937,1.0
BAL,BC,XGB,MLP,-0.0073023088023087875,-0.7412807769304944,0.4620612398541177,0.39258847216158943,0.5649036091648582,0.04250791867355239,1.0
BAL,BC,XGB,NB,0.03494372294372295,2.7040288432387336,0.00939210059209256,0.0005303685134895153,0.029058355038926398,0.9704112764475841,0.11270520710511071
BAL,BC,SVM,MLP,-0.004517316017316018,-0.5893326438166224,0.5583456997416061,0.23873560782783296,0.72929857959522,0.031965812576947,1.0
BAL,BC,SVM,NB,0.03772871572871573,3.3424005494929654,0.0015969523845521664,5.064216518104062e-05,0.008715231490611597,0.9912341263442074,0.023954285768282495
BAL,BC,MLP,NB,0.04224603174603174,3.2621851916810853,0.002016812266993459,9.465576180199962e-05,0.007971414810838517,0.9919339294273595,0.026218559470914966
BAL,PIMA,LR,RF,-0.00704159544159543,-0.44173885977816624,0.6606215912929972,0.4266779127224825,0.428475125570301,0.14484696170721653,1.0
BAL,PIMA,LR,XGB,0.024061538461538468,1.2089057320004601,0.23250031199111826,0.046477590088175015,0.19487255459363273,0.7586498553181923,1.0
BAL,PIMA,LR,SVM,0.009105982905982912,0.6660612607923363,0.5084957192774503,0.08402155350796212,0.4419467187731018,0.47403172771893604,1.0
BAL,PIMA,LR,MLP,0.050739601139601145,2.2347085125991613,0.030029109117886255,0.005020013126103779,0.034271929947400026,0.9607080569264962,0.42040752765040756
BAL,PIMA,LR,NB,0.029471794871794875,1.9868020651404263,0.052550719730604704,0.0052085152972935495,0.0922280869892863,0.9025633977134201,0.597456913836592
BAL,PIMA,RF,XGB,0.031103133903133903,2.0115121452512863,0.04978807615304934,0.005245138460203282,0.08377092369327066,0.9109839378465261,0.597456913836592
BAL,PIMA,RF,SVM,0.01614757834757834,1.076328696113584,0.28705125200431275,0.04362506182953471,0.29807178074337637,0.6583031574270889,1.0
BAL,PIMA,RF,MLP,0.05778119658119658,2.627254430881292,0.011458477597343556,0.0016677109022693445,0.015565852798999025,0.9827664362987316,0.17187716396015335
BAL,PIMA,RF,NB,0.0365133903133903,2.0772276119837674,0.04304395940789125,0.005412152426003669,0.0632975069202586,0.9312903406537377,0.5595714723025862
BAL,PIMA,XGB,SVM,-0.014955555555555557,-0.7739242410091116,0.44269370772934524,0.6007788268340766,0.29818227089211763,0.1010389022738058,1.0
BAL,PIMA,XGB,MLP,0.026678062678062674,1.1578440151946239,0.2525403353989518,0.05870573919396309,0.17732790409928123,0.7639663567067557,1.0
BAL,PIMA,XGB,NB,0.005410256410256409,0.25803627702180626,0.7974596178979325,0.23265711405562414,0.3536293040203476,0.41371358192402824,1.0
BAL,PIMA,SVM,MLP,0.04163361823361823,1.838158636342363,0.07210489308625069,0.01342026232732616,0.07073051557281307,0.9158492220998607,0.7210489308625069
BAL,PIMA,SVM,NB,0.02036581196581197,1.3307079052018813,0.1894446710162059,0.026290208121897942,0.22414777343913805,0.749562018438964,1.0
BAL,PIMA,MLP,NB,-0.021267806267806267,-0.9823617216996167,0.3307474663546623,0.6976774373497983,0.22505537139714016,0.07726719125306157,1.0
BAL,HEART,LR,RF,0.009571751777634125,0.4549058928662425,0.6511860861913659,0.17585000011923668,0.33231533205067576,0.49183466783008756,1.0
BAL,HEART,LR,XGB,0.034522866839043306,1.6287201736567014,0.10978562257744677,0.01940261386697713,0.10452962314748415,0.8760677629855387,1.0
BAL,HEART,LR,SVM,0.0009583063994828867,0.04976644811087555,0.9605108142970297,0.28387546623619136,0.39754946697221305,0.31857506679159564,1.0
BAL,HEART,LR,MLP,0.04905906593406595,2.047599755195854,0.04597930707829542,0.008073076623910276,0.04481209015704657,0.9471148332190431,0.6437102990961359
BAL,HEART,LR,NB,0.01827650290885584,0.8906552096021554,0.3774666180291816,0.08496542875690462,0.25766686024631413,0.6573677109967813,1.0
BAL,HEART,RF,XGB,0.024951115061409186,1.245223141915686,0.21897188840281948,0.04205043247522126,0.18510368947866296,0.7728458780461158,1.0
BAL,HEART,RF,SVM,-0.008613445378151239,-0.47938515720499686,0.6337973649985839,0.4690703614356376,0.3808512400475982,0.15007839851676427,1.0
BAL,HEART,RF,MLP,0.03948731415643183,1.9921634898504887,0.051940325919863105,0.00745154187359526,0.062075297230587356,0.9304731608958173,0.6752242369582203
BAL,HEART,RF,NB,0.008704751131221718,0.4060444038114872,0.6864777994684963,0.19104945404691223,0.3331761371925045,0.4757744087605833,1.0
BAL,HEART,XGB,SVM,-0.03356456043956042,-1.6764796907703414,0.10001401620520443,0.8800643567189098,0.10364255162188978,0.016293091659200416,1.0
BAL,HEART,XGB,MLP,0.014536199095022637,0.7303706373033384,0.46864145762479154,0.10930969503160773,0.3000630520129002,0.5906272529554921,1.0
BAL,HEART,XGB,NB,-0.016246363930187465,-0.7034195146039971,0.48512347419509927,0.6071458377827913,0.2647290670938427,0.128125095123366,1.0
BAL,HEART,SVM,MLP,0.04810075953458306,2.7446794905732226,0.008442335078975434,0.0007780464307862264,0.015587205111070812,0.9836347484581429,0.12663502618463152
BAL,HEART,SVM,NB,0.017318196509372955,0.8205307656036098,0.41588757237029955,0.09842668663888725,0.26530826453089795,0.6362650488302148,1.0
BAL,HEART,MLP,NB,-0.0307825630252101,-1.3460689430554669,0.18447507843339184,0.8186087146744223,0.14259724608825966,0.03879403923731802,1.0
BAL,D130,LR,RF,0.03005103564935333,2.3582290958963217,0.02239697771078512,0.0014188554068771324,0.059601814505797046,0.9389793300873258,0.13438186626471071
BAL,D130,LR,XGB,0.05310944606837503,4.975741364367333,8.406939599385161e-06,1.594966493004233e-07,9.415031404724772e-05,0.9999056901893034,0.0001092902147920071
BAL,D130,LR,SVM,0.06725188056912672,5.076194925499775,5.953837154339793e-06,2.1290221769436466e-07,3.758755966665195e-05,0.9999621995381156,8.33537201607571e-05
BAL,D130,LR,MLP,0.08256989943979176,7.267247654492817,2.5598292875370418e-09,5.6909520680686436e-11,2.9476225571478665e-08,0.999999970466865,3.839743931305563e-08
BAL,D130,LR,NB,0.03677462135732465,3.9279914363908963,0.0002681846939122354,3.919916564206656e-06,0.0031016233982926744,0.9968944566851431,0.0026818469391223536
BAL,D130,RF,XGB,0.023058410419021697,2.185763105922205,0.033641226781902955,0.0014566816756943878,0.1093805131804163,0.8891628051438893,0.16820613390951478
BAL,D130,RF,SVM,0.037200844919773386,3.181951852347102,0.0025397549847488857,9.47809939213404e-05,0.011987475320074048,0.9879177436860046,0.02285779486273997
BAL,D130,RF,MLP,0.05251886379043845,4.485796866005848,4.395136590063517e-05,1.1940562311352488e-06,0.0003351315691263457,0.9996636743746425,0.000527416390807622
BAL,D130,RF,NB,0.006723585707971319,0.5939002101354172,0.5553109008019035,0.07300924592754887,0.5402458534964795,0.38674490057597166,0.5553109008019035
BAL,D130,XGB,SVM,0.014142434500751694,1.1717611014152307,0.24695909694996135,0.025512623726699137,0.3409385778387325,0.6335487984345683,0.4939181938999227
BAL,D130,XGB,MLP,0.029460453371416753,2.755149979894722,0.0082124668514963,0.0002810533223518021,0.03715810204088843,0.9625608446367597,0.0656997348119704
BAL,D130,XGB,NB,-0.016334824711050376,-1.6678200375729977,0.10173076158359998,0.7396097432323905,0.25550451817223563,0.004885738595373895,0.4069230463343999
BAL,D130,SVM,MLP,0.015318018870665062,1.433646777024577,0.15802373936441463,0.01089596078622933,0.2995561987873363,0.6895478404264344,0.47407121809324393
BAL,D130,SVM,NB,-0.03047725921180207,-2.5725451680521982,0.013176295577438995,0.9548982523134959,0.04446001558431779,0.0006417321021863157,0.09223406904207297
BAL,D130,MLP,NB,-0.045795278082467125,-4.006613687059758,0.00020903598297614692,0.998535167533887,0.0014590321995045247,5.8002666084282185e-06,0.002299395812737616
BRIER,BC,LR,RF,0.011838848132418747,2.8522739333605043,0.006339385202201784,8.807560015443276e-05,0.052683272342233245,0.9472286520576123,0.06339385202201785
BRIER,BC,LR,XGB,0.00406416676251112,0.806752443141362,0.4237076993267008,0.03894847396312817,0.5344140510287756,0.4266374750080962,1.0
BRIER,BC,LR,SVM,0.0006515804344692462,0.20444867495803848,0.838849743753354,0.04107292812574517,0.8697684842399966,0.08915858763425824,1.0
BRIER,BC,LR,MLP,6.59661541925199e-05,0.022953497110838033,0.981780587146607,0.04196536512569934,0.912003258467687,0.0460313764066136,1.0
BRIER,BC,LR,NB,0.03638682768947826,4.402101135894727,5.797963779275071e-05,3.722920070870651e-06,0.00019632810053415994,0.999799948979395,0.00081171492909851
BRIER,BC,RF,XGB,-0.007774681369907627,-2.298949252734044,0.025811656640467046,0.7922290543917407,0.2075582113406379,0.00021273426762136275,0.1806815964832693
BRIER,BC,RF,SVM,-0.011187267697949501,-2.552266593772391,0.013870495877868911,0.9179725862675522,0.08175121301594193,0.0002762007165058877,0.11096396702295129
BRIER,BC,RF,MLP,-0.011772881978226228,-2.6096032570519516,0.011988932453228972,0.9303114752710789,0.06943275029782711,0.0002557744310939576,0.10790039207906076
BRIER,BC,RF,NB,0.02454797955705951,3.1485092623454722,0.0027934561133251884,0.00020470687330424888,0.007521813514453357,0.9922734796122424,0.03072801724657707
BRIER,BC,XGB,SVM,-0.003412586328041875,-0.6720791563734527,0.5046900747050708,0.37784759515881206,0.5703148750591334,0.05183752978205456,1.0
BRIER,BC,XGB,MLP,-0.0039982006083186,-0.6862459106628069,0.4957926335377253,0.4320378735422041,0.5036582950914101,0.06430383136638576,1.0
BRIER,BC,XGB,NB,0.03232266092696714,3.805734440299186,0.0003934400070525304,2.9376899616981777e-05,0.0011104340958981718,0.9988601890044848,0.004721280084630365
BRIER,BC,SVM,MLP,-0.000585614280276726,-0.13716029564615367,0.8914661373821813,0.15292691384265925,0.7488073116088193,0.09826577454852144,1.0
BRIER,BC,SVM,NB,0.03573524725500901,4.660391404657428,2.4524494620680806e-05,1.2939118337179511e-06,0.0001015667727858327,0.9998971393153805,0.0003678674193102121
BRIER,BC,MLP,NB,0.036320861535285735,3.8967740684114927,0.00029590299152601793,2.5843514224642837e-05,0.0007255724237559269,0.9992485840620194,0.003846738889838233
BRIER,PIMA,LR,RF,0.0027578845200620316,0.5717121502720574,0.5701304666193895,0.05689048763992275,0.6212426806216713,0.32186683173840586,1.0
BRIER,PIMA,LR,XGB,0.03917138098207861,4.081037576949764,0.00016480771282535673,1.4639035679628016e-05,0.0003977490973253728,0.999587611866995,0.0016480771282535675
BRIER,PIMA,LR,SVM,0.005365522277027159,1.5631808090255392,0.12444615913931584,0.0019839474805097247,0.45577852012953657,0.5422375323899538,0.49778463655726335
BRIER,PIMA,LR,MLP,0.08946629215160763,6.6741888088364005,2.1214556942946557e-08,2.718164736404839e-09,3.63047564233554e-08,0.9999999609770789,3.1821835414419837e-07
BRIER,PIMA,LR,NB,0.028203151387010177,4.191152273746528,0.00011556930505291403,4.746715526150825e-06,0.000572446134786575,0.9994228071496872,0.0012712623555820543
BRIER,PIMA,RF,XGB,0.03641349646201658,4.712100828909548,2.0604980241148137e-05,1.0915079285056929e-06,8.426351402479604e-05,0.9999146449780467,0.00024725976289377766
BRIER,PIMA,RF,SVM,0.0026076377569651268,0.6971297274241296,0.48901608801187496,0.023570326386884746,0.713969214973579,0.2624604586395363,1.0
BRIER,PIMA,RF,MLP,0.0867084076315456,6.50416520077864,3.89123605763063e-08,4.9518914096309395e-09,6.70893026688546e-08,0.9999999279588059,5.447730480682882e-07
BRIER,PIMA,RF,NB,0.025445266866948146,2.8816671273670122,0.005855929901821252,0.000577550425392087,0.011748276481482911,0.987674173093125,0.035135579410927514
BRIER,PIMA,XGB,SVM,-0.03380585870505146,-3.8570463951269573,0.00033519538519281633,0.9990713261152855,0.0009024917643731465,2.6182120341368334e-05,0.0026815630815425306
BRIER,PIMA,XGB,MLP,0.05029491116952901,3.510014445428192,0.0009717200620689185,0.00016414695011234752,0.0011688151458851825,0.9986670379040025,0.00680204043448243
BRIER,PIMA,XGB,NB,-0.010968229595068442,-0.887201722602844,0.37930437802664235,0.6845005671764708,0.21450112074158206,0.10099831208194715,1.0
BRIER,PIMA,SVM,MLP,0.08410076987458046,6.485789792020253,4.154800883841829e-08,5.0925172801972065e-09,7.475458241312793e-08,0.9999999201529003,5.447730480682882e-07
BRIER,PIMA,SVM,NB,0.02283762910998302,2.8412868345279616,0.00652941786311072,0.0005515718268027211,0.014916619023755517,0.9845318091494417,0.035135579410927514
BRIER,PIMA,MLP,NB,-0.06126314076459747,-4.023666110128311,0.00019798563685704355,0.9997269894998139,0.0002394225849913292,3.35879151948035e-05,0.001781870731713392
BRIER,HEART,LR,RF,0.007838648452365034,0.9174768403710757,0.36338679066258445,0.06759433003746772,0.30161310545978826,0.630792564502744,1.0
BRIER,HEART,LR,XGB,0.04091239821714023,3.1249876448404628,0.002985983175483465,0.0004374394890971373,0.003481284825427422,0.9960812756854754,0.03583179810580158
BRIER,HEART,LR,SVM,0.012458402673849787,1.6424804602074239,0.10689355924744368,0.012081614752671652,0.15048131111472696,0.8374370741326014,0.6200246618946463
BRIER,HEART,LR,MLP,0.0715037015288357,4.292168011786115,8.318917256925724e-05,1.3038948223192161e-05,8.233881609542859e-05,0.9999046222356813,0.0010878495425445732
BRIER,HEART,LR,NB,0.038920891341733876,2.3243377630872746,0.024296077768337483,0.005384027386080463,0.017599948073797278,0.9770160245401223,0.21866469991503734
BRIER,HEART,RF,XGB,0.0330737497647752,2.9747139525839446,0.004542132921853571,0.0005615737280523891,0.006371497320431629,0.9930669289515159,0.04996346214038928
BRIER,HEART,RF,SVM,0.0046197542214847535,0.6967081777870057,0.4892775948615232,0.07445096902945433,0.4485437301852354,0.4770053007853102,1.0
BRIER,HEART,RF,MLP,0.06366505307647068,4.313017552269053,7.77035387531838e-05,1.0652369689518282e-05,9.033855886175779e-05,0.9998990090714487,0.0010878495425445732
BRIER,HEART,RF,NB,0.031082242889368835,1.844168196506334,0.07120894069512414,0.017681494370297934,0.044410928647973136,0.9379075769817289,0.498462584865869
BRIER,HEART,XGB,SVM,-0.028453995543290436,-2.4231203591213872,0.01912811688384505,0.9755112614449732,0.02154606831130522,0.0029426702437215357,0.1912811688384505
BRIER,HEART,XGB,MLP,0.030591303311695482,2.108220434647282,0.040149420100357304,0.00832404984751184,0.032085569593215624,0.9595903805592725,0.32119536080285843
BRIER,HEART,XGB,NB,-0.001991506875406356,-0.10683807098463308,0.9153536731381042,0.4355369823643964,0.21135216617764085,0.3531108514579627,1.0
BRIER,HEART,SVM,MLP,0.05904529885498592,4.730208962105091,1.9383309121890134e-05,2.034772934081739e-06,2.9495498420684108e-05,0.9999684697286453,0.000290749636828352
BRIER,HEART,SVM,NB,0.026462488667884084,1.6598235413633735,0.10333744364910773,0.02581863453768191,0.06408204681195062,0.9100993186503674,0.6200246618946463
BRIER,HEART,MLP,NB,-0.03258281018710184,-1.6095415285296375,0.11392249008665162,0.9126647875140295,0.05407280983355946,0.03326240265241108,0.6200246618946463
BRIER,D130,LR,RF,0.00274290986554106,5.601139710445561,9.574105041533802e-07,3.52132523635914e-21,0.9999854331736077,1.4566826392371245e-05,3.829642016613521e-06
BRIER,D130,LR,XGB,0.006880539707685053,11.843730739383359,5.468064710619765e-16,6.070166903954307e-26,0.0010842996809604655,0.9989157003190395,3.827645297433836e-15
BRIER,D130,LR,SVM,0.001262374020972438,3.098112305717923,0.0032212114975736215,1.1248368203424102e-20,0.9999999999983686,1.6313517936823664e-12,0.009663634492720865
BRIER,D130,LR,MLP,0.06019563929495806,18.903754879244595,3.7416718888273355e-24,5.770899606357734e-26,0.0,1.0,5.23834064435827e-23
BRIER,D130,LR,NB,0.049867102829427704,19.849621523348,4.484973656832922e-25,3.311436635809611e-27,0.0,1.0,6.727460485249382e-24
BRIER,D130,RF,XGB,0.004137629842143993,7.2673537853821575,2.5588625312252475e-09,1.9019436219023605e-21,0.9318598995862353,0.06814010041376473,1.2794312656126238e-08
BRIER,D130,RF,SVM,-0.0014805358445686223,-2.9912124763445473,0.004340064166958641,2.2362372373741514e-09,0.9999999977637628,6.391712132629808e-18,0.009663634492720865
BRIER,D130,RF,MLP,0.05745272942941701,18.817457320291606,4.55907495796735e-24,6.009329833237775e-26,0.0,1.0,5.926797445357555e-23
BRIER,D130,RF,NB,0.047124192963886646,17.64318878274674,7.19610988174048e-23,4.704602669234744e-25,0.0,1.0,7.19610988174048e-22
BRIER,D130,XGB,SVM,-0.005618165686712614,-9.15054562364783,3.5210848517035116e-12,0.8405193084350671,0.15948069156493294,8.384467949898683e-23,2.112650911022107e-11
BRIER,D130,XGB,MLP,0.05331509958727301,16.724545247850433,6.856037623248287e-22,7.688881024907909e-24,0.0,1.0,6.1704338609234584e-21
BRIER,D130,XGB,NB,0.042986563121742656,16.403396873094497,1.5394548956056872e-21,7.365283148563809e-24,0.0,1.0,1.2315639164845498e-20
BRIER,D130,SVM,MLP,0.05893326527398563,18.60385236745793,7.457158532792898e-24,1.0836383947998203e-25,0.0,1.0,8.948590239351477e-23
BRIER,D130,SVM,NB,0.04860472880845526,18.05137967408268,2.716462831743825e-23,1.9709418732127318e-25,0.0,1.0,2.9881091149182077e-22
BRIER,D130,MLP,NB,-0.010328536465530369,-2.9222396054295885,0.00524470929206515,0.9309606226676257,0.06900344918729935,3.592814507495998e-05,0.009663634492720865
