dataset,level,model,unit,top5_count
BC,feature,LR,worst_texture,25
BC,feature,LR,worst_radius,22
BC,feature,LR,radius_error,20
BC,feature,LR,worst_concave_points,18
BC,feature,LR,worst_area,12
BC,feature,LR,mean_concave_points,11
BC,feature,LR,worst_perimeter,10
BC,feature,LR,worst_concavity,7
BC,feature,LR,compactness_error,6
BC,feature,LR,mean_concavity,6
BC,feature,LR,worst_smoothness,6
BC,feature,LR,perimeter_error,2
BC,feature,LR,area_error,2
BC,feature,LR,fractal_dimension_error,1
BC,feature,LR,worst_symmetry,1
BC,feature,LR,worst_fractal_dimension,1
BC,feature,RF,worst_perimeter,30
BC,feature,RF,worst_radius,30
BC,feature,RF,worst_concave_points,30
BC,feature,RF,mean_concave_points,27
BC,feature,RF,worst_area,24
BC,feature,RF,mean_concavity,7
BC,feature,RF,mean_area,1
BC,feature,RF,mean_perimeter,1
BC,feature,XGB,worst_concave_points,27
BC,feature,XGB,worst_area,25
BC,feature,XGB,worst_perimeter,24
BC,feature,XGB,mean_concave_points,24
BC,feature,XGB,area_error,14
BC,feature,XGB,worst_texture,12
BC,feature,XGB,mean_texture,9
BC,feature,XGB,worst_concavity,8
BC,feature,XGB,worst_radius,5
BC,feature,XGB,mean_area,1
BC,feature,XGB,worst_smoothness,1
BC,group,LR,{mean_radius+mean_perimeter+mean_area+worst_radius+worst_perimeter+worst_area},30
BC,group,LR,{mean_compactness+mean_concavity+mean_concave_points+worst_compactness+worst_concavity+worst_concave_points},30
BC,group,LR,{radius_error+perimeter_error+area_error},30
BC,group,LR,{mean_texture+worst_texture},29
BC,group,LR,{compactness_error+concavity_error},12
BC,group,LR,worst_smoothness,7
BC,group,LR,worst_symmetry,6
BC,group,LR,fractal_dimension_error,4
BC,group,LR,texture_error,1
BC,group,LR,worst_fractal_dimension,1
BC,group,RF,{mean_radius+mean_perimeter+mean_area+worst_radius+worst_perimeter+worst_area},30
BC,group,RF,{mean_compactness+mean_concavity+mean_concave_points+worst_compactness+worst_concavity+worst_concave_points},30
BC,group,RF,{radius_error+perimeter_error+area_error},30
BC,group,RF,{mean_texture+worst_texture},30
BC,group,RF,worst_smoothness,21
BC,group,RF,worst_fractal_dimension,6
BC,group,RF,worst_symmetry,2
BC,group,RF,mean_smoothness,1
BC,group,XGB,{mean_radius+mean_perimeter+mean_area+worst_radius+worst_perimeter+worst_area},30
BC,group,XGB,{mean_compactness+mean_concavity+mean_concave_points+worst_compactness+worst_concavity+worst_concave_points},30
BC,group,XGB,{mean_texture+worst_texture},30
BC,group,XGB,{radius_error+perimeter_error+area_error},27
BC,group,XGB,worst_smoothness,10
BC,group,XGB,{compactness_error+concavity_error},9
BC,group,XGB,worst_symmetry,7
BC,group,XGB,symmetry_error,4
BC,group,XGB,concave_points_error,1
BC,group,XGB,mean_smoothness,1
BC,group,XGB,fractal_dimension_error,1
PIMA,feature,LR,glucose,30
PIMA,feature,LR,bmi,30
PIMA,feature,LR,pregnancies,30
PIMA,feature,LR,pedigree,24
PIMA,feature,LR,age,16
PIMA,feature,LR,blood_pressure,9
PIMA,feature,LR,skin_thickness,6
PIMA,feature,LR,insulin,5
PIMA,feature,RF,glucose,30
PIMA,feature,RF,age,30
PIMA,feature,RF,bmi,30
PIMA,feature,RF,pedigree,27
PIMA,feature,RF,pregnancies,22
PIMA,feature,RF,insulin,9
PIMA,feature,RF,skin_thickness,2
PIMA,feature,XGB,glucose,30
PIMA,feature,XGB,bmi,30
PIMA,feature,XGB,age,30
PIMA,feature,XGB,pedigree,30
PIMA,feature,XGB,pregnancies,13
PIMA,feature,XGB,blood_pressure,13
PIMA,feature,XGB,insulin,2
PIMA,feature,XGB,skin_thickness,2
PIMA,group,LR,glucose,30
PIMA,group,LR,bmi,30
PIMA,group,LR,pregnancies,30
PIMA,group,LR,pedigree,24
PIMA,group,LR,age,16
PIMA,group,LR,blood_pressure,9
PIMA,group,LR,skin_thickness,6
PIMA,group,LR,insulin,5
PIMA,group,RF,glucose,30
PIMA,group,RF,age,30
PIMA,group,RF,bmi,30
PIMA,group,RF,pedigree,27
PIMA,group,RF,pregnancies,22
PIMA,group,RF,insulin,9
PIMA,group,RF,skin_thickness,2
PIMA,group,XGB,glucose,30
PIMA,group,XGB,bmi,30
PIMA,group,XGB,age,30
PIMA,group,XGB,pedigree,30
PIMA,group,XGB,pregnancies,13
PIMA,group,XGB,blood_pressure,13
PIMA,group,XGB,insulin,2
PIMA,group,XGB,skin_thickness,2
HEART,feature,LR,ca,29
HEART,feature,LR,cp_asymptomatic,29
HEART,feature,LR,sex,26
HEART,feature,LR,thal_reversible,25
HEART,feature,LR,slope_flat,15
HEART,feature,LR,exang,6
HEART,feature,LR,thalach,6
HEART,feature,LR,oldpeak,6
HEART,feature,LR,trestbps,3
HEART,feature,LR,restecg_lvh,3
HEART,feature,LR,cp_atypical,1
HEART,feature,LR,cp_nonanginal,1
HEART,feature,RF,ca,30
HEART,feature,RF,thal_reversible,29
HEART,feature,RF,cp_asymptomatic,29
HEART,feature,RF,oldpeak,25
HEART,feature,RF,thalach,16
HEART,feature,RF,exang,9
HEART,feature,RF,slope_flat,4
HEART,feature,RF,sex,3
HEART,feature,RF,cp_nonanginal,3
HEART,feature,RF,age,1
HEART,feature,RF,chol,1
HEART,feature,XGB,ca,29
HEART,feature,XGB,cp_asymptomatic,28
HEART,feature,XGB,thal_reversible,25
HEART,feature,XGB,sex,21
HEART,feature,XGB,oldpeak,18
HEART,feature,XGB,slope_flat,9
HEART,feature,XGB,thalach,9
HEART,feature,XGB,chol,5
HEART,feature,XGB,age,5
HEART,feature,XGB,exang,1
HEART,group,LR,ca,29
HEART,group,LR,cp,27
HEART,group,LR,sex,26
HEART,group,LR,thal,25
HEART,group,LR,slope,15
HEART,group,LR,exang,8
HEART,group,LR,thalach,7
HEART,group,LR,oldpeak,7
HEART,group,LR,trestbps,3
HEART,group,LR,restecg,3
HEART,group,RF,ca,30
HEART,group,RF,cp,30
HEART,group,RF,thal,29
HEART,group,RF,oldpeak,25
HEART,group,RF,thalach,17
HEART,group,RF,exang,10
HEART,group,RF,slope,4
HEART,group,RF,sex,3
HEART,group,RF,age,1
HEART,group,RF,chol,1
HEART,group,XGB,ca,29
HEART,group,XGB,cp,29
HEART,group,XGB,thal,25
HEART,group,XGB,sex,21
HEART,group,XGB,oldpeak,17
HEART,group,XGB,slope,9
HEART,group,XGB,thalach,9
HEART,group,XGB,chol,5
HEART,group,XGB,age,5
HEART,group,XGB,exang,1
D130,feature,LR,discharged_home,30
D130,feature,LR,diabetes_med,28
D130,feature,LR,diag1_respiratory,18
D130,feature,LR,admsrc_referral,16
D130,feature,LR,med_change,15
D130,feature,LR,time_in_hospital,10
D130,feature,LR,number_inpatient,10
D130,feature,LR,number_diagnoses,8
D130,feature,LR,admtype_elective,4
D130,feature,LR,insulin_Steady,4
D130,feature,LR,num_lab_procedures,3
D130,feature,LR,admtype_urgent,1
D130,feature,LR,insulin_Down,1
D130,feature,LR,admtype_otheradm,1
D130,feature,LR,male,1
D130,feature,RF,discharged_home,30
D130,feature,RF,time_in_hospital,30
D130,feature,RF,num_lab_procedures,29
D130,feature,RF,age,21
D130,feature,RF,num_medications,20
D130,feature,RF,number_diagnoses,11
D130,feature,RF,number_inpatient,8
D130,feature,RF,num_procedures,1
D130,feature,XGB,discharged_home,30
D130,feature,XGB,num_lab_procedures,30
D130,feature,XGB,num_medications,30
D130,feature,XGB,time_in_hospital,30
D130,feature,XGB,number_diagnoses,19
D130,feature,XGB,age,5
D130,feature,XGB,diabetes_med,4
D130,feature,XGB,diag1_respiratory,1
D130,feature,XGB,num_procedures,1
D130,group,LR,discharge_disposition,30
D130,group,LR,primary_diagnosis,28
D130,group,LR,diabetes_med,26
D130,group,LR,admission_type,17
D130,group,LR,med_change,13
D130,group,LR,admission_source,13
D130,group,LR,time_in_hospital,9
D130,group,LR,number_diagnoses,7
D130,group,LR,number_inpatient,3
D130,group,LR,insulin,2
D130,group,LR,race,1
D130,group,LR,num_lab_procedures,1
D130,group,RF,discharge_disposition,30
D130,group,RF,time_in_hospital,30
D130,group,RF,primary_diagnosis,30
D130,group,RF,num_lab_procedures,28
D130,group,RF,num_medications,12
D130,group,RF,age,11
D130,group,RF,number_diagnoses,6
D130,group,RF,number_inpatient,3
D130,group,XGB,discharge_disposition,30
D130,group,XGB,num_lab_procedures,30
D130,group,XGB,num_medications,30
D130,group,XGB,time_in_hospital,25
D130,group,XGB,primary_diagnosis,25
D130,group,XGB,number_diagnoses,7
D130,group,XGB,age,2
D130,group,XGB,diabetes_med,1
